,Topic,Count,Name,Representation,Representative_Docs
0,-1,4590,-1_空气_时候_感觉_味道,"['空气', '时候', '感觉', '味道', '一天', '流通', '同事', '工作', '知道', '自己']","['带  师傅出差去 ，感觉   空气  轻松 ，阳光  明媚', '韩国效果最好 迷 空气净化器，它  韩国DR.USB IHC-DR H 迷 空气净化器，适合小型空间，可以车载   卧室 可以抗菌 去除微尘 去除异味 抗病毒提升免疫力，对抗雾霾有显著效果，USB接口供电，无需充电，无需更换过滤网，没有其他费用产生，  真正 便携式氧吧 北京等多个北方城市', '\ue627河南城建学院 \ue627河南城建学院 \ue627河南城建学院  亲爱 同学们，大家  冲动，作为皇家城建 学生， 们 动之以情 晓之以理，大家想想，宿舍没有空调，尤其学校大部分 南方 同学，没有经历过这么冷 温度，如果感冒 会 会大规模传染，会 会与新冠疫情联想到一起发生骚乱，第二']"
1,0,419,0_净化空气_植物_作用_绿植,"['净化空气', '植物', '作用', '绿植', '链接', '发财树', '家中或', '空气凤梨', '清新空气', '美观养眼']","['超火 多肉组合，水培好养易成活，净化空气，美化 居室环境，适宜摆 客厅 卧房   ，既有视觉美感 寄意吉祥', '颗多肉+ 个玻璃花盆+营养液组合盆栽， . 入，超火组合，水培好养易成活，净化空气，美化 居室环境，适宜摆 客厅 卧房   ，既有视觉美感 寄意吉祥', '颗多肉+ 个玻璃花盆+营养液组合盆栽， . 入，超火 多肉组合，水培好养易成活，净化空气，美化 居室环境，适宜摆 客厅 卧房   ，既有视觉美感 寄意吉祥']"
2,1,317,1_空气炸锅_红薯_好吃_烤红薯,"['空气炸锅', '红薯', '好吃', '烤红薯', '微波炉', '分钟', '烤箱', '冰箱', '带到', '香味']","['昨天吃 这个芝士蜜薯开啦 空气炸锅 烤箱 可以  觉得火大点好吃，烤焦一点  喜欢芝士跟红薯分离 吃法，  上面一层 芝士，下面 红薯 如果喜欢吃芝士跟红薯交融 ，可以烤之前搅拌一下  . 元 盒， 们 昨天一下午全部吃完  这个 需 冰冻保存 ，如果收货会比较 及时 话', '咱 小伙伴捣鼓  空气炸锅  烤栗子教程， 给大家分 一下   把咱们 迁西板栗稍微洗一下，再放到通风处晾干  拿出“祖传” 空气炸锅，设置 度 分钟，中间暂停 - 分钟再继续；再设置一次 度 分钟，烤完后让它 锅 静置 - 分钟 可以拿出来吃  （有条件 可以 板栗上刷黄油', '立冬后，吃三样，喝三样 吃三样 老话讲 药补 如食补 人离 开五谷杂粮，养生 关键 饮食   羊肉羊肉性温，能够御风寒补身体，冬季吃羊肉能够让 们寒冷 身体暖和起来 羊肉同萝卜同煮能提供给 们所需 能量与营养 对于 喜欢吃羊肉 人来 ，还可以把羊肉换成牛肉或者乌鸡   冬瓜']"
3,2,312,2_北京_上海_深圳_厦门,"['北京', '上海', '深圳', '厦门', '空气', '地铁', '空气质量', '天津', '天气', '西藏']","['财宝宝 厦门 胡建人心中 白 光厦门最好  空气质量 完全没有污染，蓝天白云，亚热带风光 厦门 城市风光超级漂亮 老建筑很多 金黄色 琉璃瓦 厦门美食 非常非常好 厦门本地人没有胖子 因为饮食结构科学 特色海蛎煎，  小牡蛎加鸡蛋 油炸一下 像个', '转 厦门 胡建人心中 白 光厦门最好  空气质量 完全没有污染，蓝天白云，亚热带风光 厦门 城市风光超级漂亮 老建筑很多 金黄色 琉璃瓦 厦门美食 非常非常好 厦门本地人没有胖子 因为饮食结构科学 特色海蛎煎，  小牡蛎加鸡蛋 油炸一下 像个大饼', '厦门 胡建人心中 白 光厦门最好  空气质量 完全没有污染，蓝天白云，亚热带风光 厦门 城市风光超级漂亮 老建筑很多 金黄色 琉璃瓦 厦门美食 非常非常好 厦门本地人没有胖子 因为饮食结构科学 特色海蛎煎，  小牡蛎加鸡蛋 油炸一下 像个大饼 还']"
4,3,238,3_冬天_下雪_冷空气_二十多度,"['冬天', '下雪', '冷空气', '二十多度', '空调', '冷空气来', '外套', '毛衣', '太冷', '感冒']","['立冬一过，气温骤降，如约而至 冷空气 提醒人们，冬天到  无论  家 还  ， 少人 感受到 冷空气 魔力， 时手脚冰凉 这时，除 打个哆嗦 裹紧被子或 换上厚衣服， 或许还需 一套冬季暖身操  “煲剧” 间隙或 工间课余，把冰冷 四肢温暖起来 戳图', '冬天 ，很多姑娘 光个腿 殊 知有些漂亮女人家  二十多度，下楼到车库 ，坐进车  预先调好 二十多度 到  还 二十多度 只 她想， 可以一直 这种室温 过冬  别以为她晒 到太阳做  运动，她即使没有阳光房，至少 有几扇大冬天 能晒到脸烫 落地窗 然后 下班 挤公交地铁', '冬天 ，很多姑娘 光 个大白腿 殊 知有些漂亮女人家  二十多度，下楼到车库 ，坐进车  预先调好 二十多度 到  还 二十多度 只 她想， 可以一直 这种室温 过冬  别以为她晒 到太阳做  运动，她即使没有阳光房，至少 有几扇大冬天 能晒到脸烫 落地窗 然后 下班 挤']"
5,4,235,4_安眠药_有安眠药_空气_严重怀疑,"['安眠药', '有安眠药', '空气', '严重怀疑', '怀疑', '好困', '有安眠药吗', '安眠药吗', '空气中有安眠药', '空气有安眠药']","['空气中弥漫 安眠药 安眠药', '感觉  空气   安眠药', '空气    放 安眠药']"
6,5,230,5_抽烟_烟味_二手烟_吸烟,"['抽烟', '烟味', '二手烟', '吸烟', '空气净化器', '吸二手烟', '每天', '禁止吸烟', '香烟', '空气']","['奶奶    一万遍 桌上 空气净化器  暖风 ，同个人还  问 几遍 这怎么 冷风🙄下次  站起来  因为坐 对面这个胖子同事和那边那个油嘴滑舌同事抽烟 抽烟 抽烟  经常有老毕登进 抽，  敢叫他们滚出去只好买个小风扇行 吧  很懦弱  再问 等于 跟他们 这 空气净化器', '抽烟 人真没素质  室内抽烟  有病当 别人面抽有尊重过别人吗全 女生 两个破男人天天抽，臭死 ，合  们 抽烟   空气净化器 ，真 害人 闻久 心脏肺  舒服，头 晕感恩 爸一直 抽烟，并且和 一样反感烟味和 爸 这事， 爸 立马劝 辞职，身体', '求助贴 “请问大家怎么有效控制  二手烟 上班 地方  除 之外 几个人 抽烟 整个  充斥 难闻 烟味有没有  空气净化器”']"
7,6,129,6_老师_学习_h老师_导师,"['老师', '学习', 'h老师', '导师', '名字', '隔壁', '小学生', '孕妇', '门口', '考试']","['论现  孩子有多清醒 “老师， 以后可千万  生孩子， 然吃亏   ” “好 好 ”p 体育老师疯狂跟 吐槽 们班体育一塌糊涂p 这  们班  导游   们班导游 帅死   老师 什么 导游摔死 ？p 啥 没准备 喂空气给小鹿吃p 这几个笨', '上完课还剩几分钟，跟学生无意间提到 他们语文老师因为 结婚，有个七天 婚假， 跟他们   想再多上一节课，太累 😔后面男生起哄问 ，老师 咋 结个婚，  没对象 ， 跟空气结婚吗？立马 有个男生跟  ，老师 挺喜欢比 大个十来岁 姐姐 接 又有 男生 ，女大三抱', '刚刚有学生冲到 ，跟他们班主任  “老师!老师!x拉裤裆 !!”em下课时分， 老师学生 比较多  嗯 最怕空气突然 安静   过他们班主任真  ，太会处理事情  她 跟来报告 学生  们  大声笑话他，先赶紧 近带他去教师厕所，过一会儿，这个学生低 头进来之后 没骂他，']"
8,7,112,7_周一_咖啡_音乐_早晨总,"['周一', '咖啡', '音乐', '早晨总', '周一总', '浓郁', '早晨', '最喜欢', '比如', '心情']","['周一 早晨总 让 感觉有些沉重，但 发现简单 小确幸能带来意外 快乐😊 比如，打开窗户，呼吸到新鲜空气，阳光洒 脸上 感觉让 精神焕发☀️  喜欢 咖啡馆点一杯香浓 咖啡，热气腾腾 香气伴随 轻音乐，让 暂时忘记工作 压力☕ 午餐时， 会特意选择自己最喜欢', '周一 工作总 充满挑战，让 有时觉得压力重重，但 总能找到一些小乐趣来点亮  一天🌟 早上， 会泡一杯 最爱 咖啡，浓郁 香气瞬间让 精神焕发☕️   常工作中， 会偶尔听听自己喜欢 音乐，让心情放松一下🎶 午餐时间， 喜欢和同事们一起分 美食，互相', '周一 早晨总 让 感到一丝沉重， 过 喜欢用小巧 方式来为自己增添一份快乐 ☀️ 每当 起床时，泡一杯香浓 咖啡，浓郁 香气瞬间驱散   疲惫，唤醒   心情 ☕️  赶往  路上， 会听一些轻松 音乐，让节奏感包围  身心，瞬间让 拥有 好心情 🎶 工']"
9,8,100,8_香水_会让_物品做几下深呼吸_桌上摆放一些微型植物或者香氛吊饰,"['香水', '会让', '物品做几下深呼吸', '桌上摆放一些微型植物或者香氛吊饰', '再昏昏欲睡', '闻一下', '大自然中', '如果由于空气', '流通而感到烦闷时', '立刻觉得恍若置身于美丽']","['隆鼻综合肋骨鼻修复   桌上摆放一些微型植物或者香氛吊饰 干花，如果由于空气 流通而感到烦闷时，可对 这些清新怡人 物品做几下深呼吸，清香 气味有清醒头脑 作用， 会让  再昏昏欲睡 “ 精神 振 时候，闻一下，立刻觉得恍若置身于美丽 大自然中，闭上眼睛，', '桌上摆放一些微型植物或者香氛吊饰 干花，如果由于空气 流通而感到烦闷时，可对 这些清新怡人 物品做几下深呼吸，清香 气味有清醒头脑 作用， 会让  再昏昏欲睡 “ 精神 振 时候，闻一下，立刻觉得恍若置身于美丽 大自然中，闭上眼睛，   乏闷便消失得无影无踪  心理', '桌上摆放一些微型植物或者香氛吊饰 干花，如果由于空气 流通而感到烦闷时，可对 这些清新怡人 物品做几下深呼吸，清香 气味有清醒头脑 作用， 会让  再昏昏欲睡 “ 精神 振 时候，闻一下，立刻觉得恍若置身于美丽 大自然中，闭上眼睛，   乏闷便消失得无影无踪']"
10,9,100,9_凯酱_发个_她根本_姜以晴,"['凯酱', '发个', '她根本', '姜以晴', '度心', '自己', '请到公', '小李', '鲁迅', '知道']","['\ue627推文少女 君 投槁/ ，伸出一只手作挽留，心想 您得意什么，您  知道小舒 哪  片刻后他讪讪地放下手，算 ，他们家小顾总想打黎拓明   一天两天 事 ，便拿起手机打给公关部 “喂，小顾总可能又 惹事 ， 们先做好准备 ”顾师洋出 晴掣 大门，那骚气', '\ue627孔曼冬姐姐  薄彦顺 林琳 眼光，看 她身后 徐思甜一眼，对林琳  “依旧 敢兴趣 ”听到这个回答，徐思甜倒 没有太大 反应，好像薄彦那句话只 空气一样 她根本  乎 “ 们  男女朋友吗？小彦哥， 为什么对她还  感兴趣？”薄彦看 徐思甜根本', '\ue627施依梦 个人 記  薄彦顺 林琳 眼光，看 她身后 徐思甜一眼，对林琳  “依旧 敢兴趣 ”听到这个回答，徐思甜倒 没有太大 反应，好像薄彦那句话只 空气一样 她根本  乎 “ 们  男女朋友吗？小彦哥， 为什么对她还  感兴趣？”薄彦看 徐思甜']"
11,10,93,10_工作_加班_越走越顺_人生无须开挂,"['工作', '加班', '越走越顺', '人生无须开挂', '吞下', '下班', '身处低位时', '身处中层时', '身处高位时', '忠诚']","['忙碌完一天 工作，回到家 时候已经天黑 ，   这个时候才觉得这个时间 属于自己 ，有时候真 很迷茫，每天那么累 早出晚归，到手 工资 这么一点，到底 什么原因还坚持  继续工作 看过一篇文章  成 人 世界有  懂 孤单， 们 敢生病， 敢请假， 敢任性 做一些自己 想做', '﹊职场混得再难，  吞下 个小道理，人生无须开挂，越走越顺 行走职场，升职加薪，行稳致远，需 稳扎稳打 步步为营 厚积薄发 职场如江湖，再苦再难  吞下 个道理，人生无须开挂，少走弯路，越走越顺，早知道早受益   身处低位时 靠谱，身处中层时 忠诚，身处高位时 有格', '职场混得再难，  吞下 个小道理，人生无须开挂，越走越顺 行走职场，升职加薪，行稳致远，需 稳扎稳打 步步为营 厚积薄发 职场如江湖，再苦再难  吞下 个道理，人生无须开挂，少走弯路，越走越顺，早知道早受益   身处低位时 靠谱，身处中层时 忠诚，身处高位时 有格局 当  底']"
12,11,92,11_味道_感觉空气_空气_弥漫,"['味道', '感觉空气', '空气', '弥漫', '想yue', '一股酸酸', '太臭', '还臭', '妈以前', '被熏死']","['好烦  热得很 而且空气中弥漫 奇怪 味道 一会儿 脚臭一会儿 鸡蛋 味道  好想吐 看见对面脱鞋  想yue 真 特别烦 身上黏糊糊  空气 很 流通   空调  能开低点嘛 上班脱鞋这 可以 嘛    好崩溃', '上班无聊码点字这些估计  下半 和今  上半   空掉 护手霜  hillmore 手甲霜 味道 溪畔听风，味道   很喜欢太清冷和带点闷 味道，因为  上班涂 ，涂完以后 让 觉得这班上 有点闷 质地 话涂开 感觉手好像有一层油膜 滋润  手，  手甲霜可', '突然闻到 一股很像 妈以前 空气清新剂 味道 已经过 很久很久很久  想起来 妈以前 养 很肥 金鱼 用来把 藏起来 小床和床帘 被 拿来过家家 小推车 各种棉花 酒精 针头 还有分装药 小袋子原来人闻到某种熟悉 味道 能想起这么多东西']"
13,12,87,12_空气_新鲜_外边_外面,"['空气', '新鲜', '外边', '外面', '离开', '自由', '清新', '新鲜空气', '那一刻空气', '心旷神怡']","['待久 ，对外面 新鲜空气很陌生，站 有风 窗边，才惊觉 真 很需 大自然 治愈，仅仅一阵风， 能让 心旷神怡', '打破封闭空气格局，“双向新风，鲜氧满屋”，居家 受新鲜，呼吸探索自然， 为 带来清新舒适 呼吸体验 无论 家居  还 商店，随时随地 受自然 天然氧气吧 奥克斯空调携手同程旅行推出 ，带 走进大自然 怀抱，感', '今 神谕Fresh air 新鲜空气  身体需 靠草木 植物及花儿所制造 氧气来恢复元气  花点时间走到户外，尽可能 亲近自然之母 怀抱， 将窗帘与窗户打开，让  家再度鲜活 天使捎来这张牌 因为 需 一些新鲜空气， 待 室内太久 ，而  身体与灵魂渴望氧气，将 家中与  窗户打']"
14,13,85,13_快活_风一样自由_idea_什么,"['快活', '风一样自由', 'idea', '什么', '大领导', '电梯', '接连便', '同事', '领导', '新来']","['“idea 这种 值钱 东西  ”“idea 怎么能   值钱 东西呢？idea，创意人 事，能算  heap 吗  ” 他涨红 脸，额上 青筋条条绽出，争辩 ，接连便 难懂 话，什么“互联网思维”，什么“大数据营销”之类，引得众人 哄笑起来， 内外充满 快活 空气  ——From. 维舟', '山本，空气炸锅 丹尼斯一时想 出补救对策，   焦虑 安 这时老板走 进来，见他 脸色非常难看， 想问他怎么回事 还没等老板开口，丹尼斯 立刻坦诚地向他讲述 一切，并主动认错 “这   失误， 一定会尽最大努力挽回损失 ”', '山本 空气炸锅 荣事达 空气炸锅 丹尼斯一时想 出补救对策，   焦虑 安 这时老板走 进来，见他 脸色非常难看， 想问他怎么回事 还没等老板开口，丹尼斯 立刻坦诚地向他讲述 一切，并主动认错 “这   失误， 一定会尽最大努力挽回损失 ”']"
15,14,85,14_感觉_呼吸_待久_空气质量太差,"['感觉', '呼吸', '待久', '空气质量太差', '空气真', '空气', '想吃', '过气来', '空气太差', '怎么办']","['总待 封闭 室内，加强  土金 能量感，  耗克木性 ，所以肝气 舒 走出去，到视野开阔 地方，接近大自然，呼吸新鲜空气，疏肝解郁，醒脾，对于 常经常待  人，  调节 办法', '昨天中午午休，  同事 ，谁 呼吸声很大很重， 当时 ， 会  吧 早上醒来，  感觉自己呼吸声真 很大 很响  以前可 一点声音 没有  最近总 感觉呼吸  很顺，去超市 商场空气 流通 地方，  特别明显感觉氧气 足，想马上出来 鼻腔有血 情况 有一段时间  去小红', '碎碎念 搬 新   靠被 撕 稀碎 柚子皮度 ，开 最大功率 空气净化器和最大程度 窗户形成巨大 对流风， 中间 衣服穿 很薄  冷飕飕，需  小毛毯续命，窗外 嗡嗡 车流声，巨吵无比，难得  能看到旁边郁郁葱葱 老和山，考试冲刺 那周基本上搁置 所有 工作，现']"
16,15,82,15_链接_加湿器_香薰机_链接下单,"['链接', '加湿器', '香薰机', '链接下单', '空气加湿器迷', '卡蛙迷', '小型', '小熊加湿器家用静音', 'usb空气加湿器', '家用空气加湿器']","['卡蛙迷  usb空气加湿器券后只 ￥  领券 O 链接下单   换新卡蛙矿泉水瓶迷 补水加湿器家用卧室小型 车载便携USB精选 O 链接', '顺庭 加湿器 家用静音 迷 空调空气加湿器 | 优惠券后 元包邮迷 静音卧室空气加湿器，超大雾量，微米大雾， 小时加湿，湿润肌肤，双喷雾口 顺庭加湿器家用静音卧室迷 空调空气加湿器 空气净化器香薰，天猫有商家目前报价 元，. O 链接', '顺庭加湿器家用静音卧室迷 空调空气加湿器 空气净化器香薰 优惠价 领卷 . 领拍O 链接 购买O 链接 迷 静音卧室空气加湿器，超大雾量，微米大雾， 小时加湿，湿润肌肤，双喷雾口']"
17,16,79,16_因为_高兴_悲伤_人性,"['因为', '高兴', '悲伤', '人性', '无休止', '每一秒', '往往', '自己', '忍受', '改变']","['.人生， 没有，永远 悲痛； 没有，永远 欢欣 能使 们坚强 ，往往  顺境，而 逆境；能让 们醒悟 ，往往  高兴，而 伤心 学会忍受，懂得艰辛，于曲折中前进  .生活中 烦心琐事 如同空气中 粒粒灰尘  们无法阻止它们进入 们 心田 所以， 们应', '一旦时 时旅游一趟，这辈子大概 定型 ，再 忍受  无休止 学习和工作，心由内而外 野掉，散掉，坐   每一秒  想念自由 空气和生动 相片，怀念列车到站时 身体轻轻 震颤', '一旦时 时 出去旅游 这辈子 定型 再 忍受  无休止 上班下班心由内而外野掉 散掉坐   每一秒  怀念自由 空气和生动 相片怀念列车到站时身体轻轻 震颤怀念旅行中遇到 每 伙伴和每 故事']"
18,17,71,17_颐莲喷雾_脸上_保湿_皮肤,"['颐莲喷雾', '脸上', '保湿', '皮肤', '颐莲', '特别', '补水喷雾', '颐莲补水喷雾真', '常护肤', '干燥']","['晚上好，欢迎来到颐莲✖小杨 团车，夏末秋初护肤季，一 小心 会干燥过敏脱皮，颐莲 国内第一家“专研玻尿酸护肤” 护肤品牌，背靠世界玻尿酸原料大厂福瑞达，可以放心用☑颐莲喷雾 .  实话 以前 太用喷雾，因为第一次用喷雾 体验太差 ，感觉像水枪直接滋 脸上，喷出来 东西感觉  纯粹', '颐莲补水喷雾真 很好用，干皮换季空气比较干燥，皮肤很容易干燥敏感，所以  常护肤 时候很注意给肌肤补充水分，所以 买 颐莲 补水喷雾，想随时随地 补水，结果没想到用起来这么惊喜，一点油腻感 没有，喷上去吸收很快，保湿控油效果非常好，感觉非常清爽', '必备神器颐莲补水喷雾 颐莲补水喷雾真 很好用 干皮，秋天换季空气比较干燥，皮肤很容易干燥敏感，所以  常护肤 时候很注意给肌肤补充水分 所以 买 颐莲 补水喷雾想随时随地补水，结果没想到用起来这么惊喜 手感质地 这款喷雾喷出来 特别细腻 保湿']"
19,18,67,18_香山_冰雪奇缘雪宝_布吉靠窗小单间_唐峤白慕远,"['香山', '冰雪奇缘雪宝', '布吉靠窗小单间', '唐峤白慕远', '推动民营经济高质量发展', 'romadiw', '焚烧', 'tayni', '白鸭绒', '老挝']","['🍁古云人\u202c 闻香疗能\u202c人心疾  ͏人类 嗅功觉\u202c能 四十岁以后渐逐\u202c衰退，而无诱因 退衰\u202c往往 阿尔兹海症默\u202c和帕森金\u202c症等疾病前兆 嗅觉系统与大脑边缘统系\u202c密切连相\u202c，传统医中\u202c学早 提出“芳香开窍”，过通\u202c吸嗅纯正 植精物\u202c油触动嗅觉感，官\u202c 预记防\u202c忆力减退 最好', '湄公河大桥边，等车 间隙间， 老挝 村中小转 村中一位老先生热情地邀请 们到家中小坐 这 一座苗族 村庄， 老挝 属于少数民族，多少被歧视 老人会 英语和少量汉语，以前给欧美人做导游，后来还 村中做过老师 家中可谓“家徒四壁”，除 满墙 照片和回忆 村中 交通非常 便，只有一条', ""ROMADIW - A-Lin词 A-Lin曲 A-Lin/Derri k Sepnio 张德铭/Fergus Chow 贡多杰Tengil ko hoso itaNomita anini aromi'ad misalisin kita tayni to adawangKakamen hanto ato ya kapah ya fo ingkayHalikien o wa'ay namo kakamen to tayni makero toSalikaka mapolong romadiw kitaSalikaka m""]"
20,19,67,19_咖啡_忙碌_观看小奶兔咖啡机_松弛感,"['咖啡', '忙碌', '观看小奶兔咖啡机', '松弛感', '小奶兔咖啡机', '视频时', '工作', '视频', '空气中弥漫', '观看']","['忙碌 上班 常中， 总能找到一些瞬间来缓解压力，尤其 喝咖啡 时候 ☕️ 观看小奶兔咖啡机 视频时，那份细腻 过程让 感受到 一种温暖 松弛感 🌼  特别喜欢看到咖啡豆被研磨 蒸汽喷出，丰富 香气 空气中弥漫，瞬间让人忘却烦恼', '忙碌 工作 中，咖啡总 能让 找到那一丝松弛感 ☕️ 每当   泡上一杯香浓 咖啡，仿佛时间 慢 下来 ⏳ 观看小奶兔咖啡机 视频， 特别喜欢看到它打奶泡 瞬间，那层细腻 奶泡宛如云朵，让人忍 住想  受 🌥️ 那一刻，', '忙碌 上班 常中， 受一杯咖啡总能带来意想 到 松弛感 ☕️ 每当 走进 ，空气中弥漫 刚煮好 咖啡香气，那一刻，所有 烦恼似乎 烟消云散 ✨ 看 小奶兔咖啡机 工作台上忙碌 身影，它把咖啡豆研磨成细腻 粉末，再用蒸汽将热水']"
21,20,66,20_领导_整个_空气_老板,"['领导', '整个', '空气', '老板', '电梯', '下去', '自由', '戴森', '经理', '玩手机']","['冲动惹 祸 双  单 默认 公司地址 然后逐一找客服改地址 改完发现有 能改有  能改，最后稀 糊涂  知哪些改 哪些没改，每天到处找快递[捂脸] 昨刚薅 小公举来帮忙把空气净化器 滤芯扛回家， 到公司又发现两箱管家 手延拉面 放到 门口，绝望中一头躲进 ，鸵鸟大概  这样', '公司 楼下班点巨多人，总楼层 楼，   楼 正点下班  基本上坐 上经过 楼层 电梯，经常 看 它直直地 下去  所以   坐上顶楼再和电梯一起下 前两天 又 坐上顶楼，电梯 挤满 人，空气  咋好，似乎 没有空调一样；下 班 大家  想做无谓 交际，  默默地等待电梯快', '上上周一去上班，因为早上挤电梯 人太多 ，电梯上升 时候突然掉 下去，掉到 几楼 们  知道，当时    面，被这突然 意外吓得半死， 被挤 拥挤 电梯 ，动  能动， 很想做点儿什么，可  脑子已经 好使 ，忘记 所有 求生技巧，虽然离门口很近，看 电梯楼层  数字 暗 下去，']"
22,21,64,21_头疼_头痛_舒服_头晕,"['头疼', '头痛', '舒服', '头晕', '流通', '恶心', '空气', '去洗手间拉个屎', '止痛药', '布洛芬']","['头晕 四天  第一天以为 没睡好， 早早睡 ；第二天以为 颈椎有问题经络 通，拉伸松解 半天；第三天以为 感冒，吃 感冒药，还去做 个spa；第四天， 问    血氧低  ？ 一测，好家伙，  立马离开 去户外 ， 酒店外面跟保安一起站岗，喷泉边上空气流通 感觉，  好清新', '怎么过 ？熬    工作任务极其简单，但 还 觉得很难熬  躯体症状明显 一些，恶心，只有吃东西或者喝东西 时候会好一些，其他时间 非常恶心，喉咙 有异物感，鼻子 非常敏感，闻 空气 味道会感觉鼻子 舒服，神经上  舒服，带有隐隐 头疼 然后，还  坚持把巨简单 任', '恋爱 记上周生病 ，头疼 两天最开始 因为 一去单位 头疼，下意识以为 甲醛中毒，单位刚装修+刚搬到农行小区，家   新家具当天晚上  老公陪 出去散步到 点，想 换换空气然后 回家洗澡之后躺床上，突然又开始干呕和头疼，俺老公 连夜带 开车🚗冲回人行那边住 人行以为好点']"
23,22,63,22_风水_空间_设计_背有靠山,"['风水', '空间', '设计', '背有靠山', '装修', '招牌', '摆件', '关系', '玄关', '面积']","['风水，信则有人们口中 前途，大多 指 事业上 成绩和收获 财富 每个人 想做有前途 人，能够 事业上顺风顺水 但 ，并  所有人 能做到，这与风水 有很大 关系  裕善老师 带大家一起去 解一下阻碍前程发展 风水，下面一起来看看吧   受到 面积 限制有  面', '风水 对，努力白费   风水 一 左高右低，绿叶盆栽 无论 课桌还  桌，东西 尽量摆放 左边 二 摆放整齐，避免利器 尖锐 物品， 仅危险，风水上还容易招惹小人 三 背有靠山，或高背椅 背后靠墙 最佳 选择，有“背有靠山”之意；如果背后没有靠墙，或背门背窗而坐，可坐高背椅', '风水 对，努力白费 风水 一 左高右低，绿叶盆栽 无论 课桌还  桌，东西 尽量摆放 左边 二 摆放整齐，避免利器 尖锐 物品， 仅危险，风水上还容易招惹小人 三 背有靠山，或高背椅 背后靠墙 最佳 选择，有“背有靠山”之意；如果背后没有靠墙，可坐高背椅改善一下 四']"
24,23,60,23_空气净化器_呲牙_水滴车载空气净化器_一台空气净化器,"['空气净化器', '呲牙', '水滴车载空气净化器', '一台空气净化器', '显示', '以上', '链接', 'pm', '白嫖来', '气象数据']","['为  浪费国补资格，最近买 一台空气净化器，这台净化器能够显示室内空气质量相关数值，这两天发现室内PM . 老 飙到 以上，有时甚至 以上，空气质量经常显示为中等， 还以为 这个净化器 靠谱 于  查 下本地 气象数据，PM . 达到 ，已经属于轻度污染，怪 得一开门窗空气净化器 狂转，', '自从工作室全员🐏，老板痛定思痛放 两台空气净化器进来过完 回来上班一进门 被两台 吸引据  可以覆盖 ㎡空间 专业级空气净化器老板下血本 !!  能太吵，这个 C配  静音轮，移动 时候很 方便   这款 传感器好灵敏，男同事刚 hou烟测试一下，净化器立刻 会加大', '葡萄牙Air free空气\u202e毒消\u202c机有老\u202e 人\u202c宝宝 \u202e妇孕\u202c以\u202e养及\u202c宠物 家庭真 很\u202e 需\u202c哦放\u202e家 \u202c 或 对\u202e内室\u202c空气进行\u202e洁清\u202c 消毒\u202e减 \u202c少病菌传播通过高温 杀\u202e大灭\u202c部分细菌比起普\u202e 通\u202c空气\u202e菌杀\u202c机陶瓷内芯 需 \u202e洗清\u202c  用更换\u202e网滤\u202c静\u202e运音\u202c行']"
25,24,58,24_air_bad_sponge_sponge空气净化剂,"['air', 'bad', 'sponge', 'sponge空气净化剂', '链接', '空气净化剂', '异味', '家中', '甲醛', '保证家庭']","['件装 | BAD AIR SPONGE 空气净化剂 给  新车新房换换空气，无异味更安心小考拉超火 空气净化剂，轻松应对新房新车，有效吸附空气中散发 各种污染物质和有毒气味 新搬   用担心啦~居家必备法宝 量贩装更超值哦 BAD AIR SPONGE 空气净化剂 给  新车新房换换空气，无异味更安心购买', '\ue022️  bad air sponge 空气净化剂放置 家中  等等地方，每桶可覆盖 平方 空间，保证家庭  空气清新~新车祛甲醛 可以用 哦 吸附并中和空气中 各种有害气体异味 尘霾 烟雾强力清除各种毒气和异味 烟雾 尘霾 甲醛 油漆 氨 苯 .', 'bad air sponge 空气净化剂 除甲醛利器，据  美国白宫御用，对空气中 脏东西吸收能力超强，现 城市污染这么严重，帝 魔 雾霾挥之 去，有 这个放置 家中   车内等地方，保证家庭  空气清新 新装修或者有小朋友或者 老人家 家庭 更需    放车 面效果更显著哦']"
26,25,56,25_工作_公园_能保证_有些人很有眼缘,"['工作', '公园', '能保证', '有些人很有眼缘', '习惯', '一遍', '上班', '坚持', '个小时', '楼下']","['很平静 周末，没有电话通知， 没有没完没  工作安排 忽然之间，闲下来，多少还 有些 习惯 好 ，更好 时光，能够多陪陪孩子 长期  工作， 小时待命， 天无休 这种工作节奏长 后，似乎 成为 一种规律 自然 时刻担心电话会议通知 到位，时刻惦记 哪一项工作没有安排到位', '昨晚加班到夜 三点半才从 出来，空气中  凛冬 寒意，街上 霓虹已经褪去，城市正 酣睡 想 很多 换做以前 一定会 加班结束 第一时间打电话/发微信给自己信赖 朋友，告诉对方 加班好晚还遇到 棘手 难题 但现  想这么做 ，养成 万事藏于心 习惯 逐渐能够变成自己 岛屿', '上班  每天早晨，只   外勤工作， 会 公园 走路半小时， 第一张图片 地方，伸伸胳膊伸伸腿十分钟，然后走路到对面 单位，可以精准地踏入  公园 小半圈环线，  最后 倔强，街这边 苟且 远方，街那边 现实 营生 每天站 湖边， 会想念  父亲，公园 有许多健硕 老人 锻']"
27,26,56,26_她问_她又问_开塞露_加工会,"['她问', '她又问', '开塞露', '加工会', '时候', '认得', '去银行', '很吵', '她突然', '然后']","['一上午有五个人来  ，A站 门口 进来，点头 完 走 ，B来给 反映几个问题，搞得 怒火中烧，当然  对他，但对他 语气  好，C来汇报，进门先皱眉， 下意识 看她，对 空气讲，后来气氛缓和 才看 她讲话，D从进来开始 一直搓手，E 最放松 ，  很放松，简单讲完工作 高高兴兴出', '女朋友喝醉后，跟别 男人睡   报警抓 那人 她却亲口跟警察承认 她 自愿  后来 对她彻底死 心 她反倒急   临睡前， 收到 袁可意 床照  一起后，她经常会给 发这样 “男友福利”  过这次  她发给  ，而   和她 共 相册 看到  照片 ，袁可意似乎 喝醉  她', '同事问 ，专辑买完 吗？因为 急匆匆 跑回 弄电脑   买完啦 她又问 那 现  干嘛？    加工会 她 工会？？为什么现 买专辑还 加工会  沉默 ，然后 因为 们 比赛 她又问，和谁比？  ，wyb wf 然后空气凝固  她问 ，这？ 们 打友谊赛？好羞耻']"
28,27,53,27_医生_病房_病人_科室,"['医生', '病房', '病人', '科室', '家属', '护士站', 'icu', '脓肿', '院长', '急诊']","['三天节 过后 病房，护士和护工全部换 一副精神面貌迎接第 工作  清晨 病房  病人穿 或条纹或淡蓝 病号服，一脸菜色，毫无生气 外面下雨 ，想来空气应该清新 冷冽，但 门窗紧闭， 一点 闻 到 从外面进来 人，大概 上早班 医生吧，抖 抖雨伞，弹 弹衣襟上 雨水，匆匆走进办', 'A医院 帝 最好 医院，有 全国最优秀 医生，同样有 最牛掰口腔科专家，夏可可  冲 这个宁愿等一周  来这 看牙“哇， 愧 久负盛名 大医院呀  人还真 多  ”夏可可瞬间垮脸，看 这人山人海 心底默默后悔 该折磨自己 ，拔个智齿而已，死党 家门口 口腔医院  一样弄 好好', '今 晨   医生，严重吗？医生 还好，但  调整生活方式， 焦虑 生气，睡得好心情好   好难  医生 没办法，光靠药物没用  之前挂  专家号， 检查结果出来直接去病房找医生，她正  给一对中老 夫妻讲解病情 住院  妻子，医生 “好 概率大，但  完全排除坏 可']"
29,28,50,28_已时_应邀随他走出_或许有这样一种体验_或家中正为某事苦恼,"['已时', '应邀随他走出', '或许有这样一种体验', '或家中正为某事苦恼', '突然有人对', '们出去走走好吗', '风光', '一眼看到', '呼吸到', '室外']","['好爸爸内衣裤除菌洗衣液 g ( ) 或许有这样一种体验 当    教室 或家中正为某事苦恼 已时，突然有人对  “ 们出去走走好吗？” 应邀随他走出 室外，一眼看到 大自然 风光，呼吸到 清新 空气  一定记得  精神 怎样 为之一振，转移 对那件令 苦恼 已 事 关', '维德医疗独立包装官方外科口罩 ( ) 或许有这样一种体验 当    教室 或家中正为某事苦恼 已时，突然有人对  “ 们出去走走好吗？” 应邀随他走出 室外，一眼看到 大自然 风光，呼吸到 清新 空气  一定记得  精神 怎样 为之一振，转移 对那件令 苦恼 已 事 关', '维德医疗独立包装官方外科口罩 ( ) 或许有这样一种体验 当    教室 或家中正为某事苦恼 已时，突然有人对  “ 们出去走走好吗？” 应邀随他走出 室外，一眼看到 大自然 风光，呼吸到 清新 空气  一定记得  精神 怎样 为之一振，转移 对那件令 苦恼 已 事']"
30,29,50,29_平顶山学院_食堂_友善_校园,"['平顶山学院', '食堂', '友善', '校园', '教室', '自由', '天气', '学生', '锻炼', '外套']","['烟雨朦胧 ，亦如    清晨 食堂 学校北边，穿过清新湿润 雾霭，走过书声朗朗 班级，致意欢快晨扫 学生，  林荫路 尽头 满 泥土芬芳 空气，受潮软凉 签到簿，点点滴滴尽 校园生活 拓印 重点 签完  还 冒死签   ，迟到专业户', '全校最通透，阳光最好 地方 食堂，可 只有中午吃饭利用一下，冬天白瞎 这么好 场地 等上课， 高兴 逼仄阴暗  和同事人挤人（这光景谁 可疑谍战剧既视感），带好水 干粮 暖宝宝 教材 消毒液 备用口罩等补给，（吸取上周 经验，防止随时被封 教室） 人到食堂摘 口罩坐', '很开心晴 当空 寻常  子因为前面九天 校园生活所以 得 变得处处显 自由 气息午时有雨 越下越大 吃饭 时候和阮一起  看 食堂  屏幕上“预祝高三学子高考顺利 金榜题名” 字样 心中对他们 一份肃穆又多 一份 离高考 时间越来越近 才高一   知道为什么 紧张起来  记得上周一']"
31,30,49,30_老师_汤姆_恐龙_秘密活动,"['老师', '汤姆', '恐龙', '秘密活动', '该干什么', '再然后', '从现', '生活', '学生', '所以']","['逆向思维，怎么变得痛苦 依照  经验， 有个 大良好 养育者，严苛愚蠢 环境吧遇到错误老师，把每一届学生 搞 愉快 老师然后 上学睡眠 足之后 宿舍睡眠问题分歧 再然后 听从愚蠢养育者 话得罪别人  能听从那个人  再然后  钱，再加睡眠需 满足 睡眠 足学习 学 进去哦然后', '刁 汤姆，已经上课 ，  阴暗角落鬼鬼祟祟 干什么?汤姆 人小鬼大，  秘密活动 刁 秘密活动?汤姆 Yes!老师，  未来  梦， 想成为一名社会活动家 活动活动，从小做起，从现 做起，时刻准备  刁 好，少 大志，努力奋斗，梦想属于有想法 追梦者，祝 早 梦想成真 笨笨 汤姆，拉倒吧!', '师者，传道授业解惑 听老师一番话，自己轻松  少，身处实际环境，让 容易走神，忘 自己现 该干什么，想到自己练车那会满分一次性过 结果，大学 考试 这个顺利，那时 状态 怎样呢，教练   清楚现 该干什么，这个干完下一步 什么，急什么，那时 脑子清楚， 听进去 ，自然结果让人轻松']"
32,31,48,31_链接_小熊加湿器家用静音_上加水_券后价,"['链接', '小熊加湿器家用静音', '上加水', '券后价', '卧室空调房孕妇婴儿空气大容量小型香薰', '加湿器卧室', '小熊', '羽博加湿器', '券后', '加湿器迷']","['小熊加湿器家用静音 卧室空调房孕妇婴儿空气大容量小型香薰 O 链接', '格力（GREE）加湿器 升 空气加湿桌面/卧室/ 上加水 母婴可用 双重防漏水加湿器(SC- X a) 格力（GREE）加湿器 升 空气加湿桌面/卧室/ 上加水 母婴可用 双重防漏水加湿器(SC-', '领大额红包啦! 淘宝O 链接 京东O 链接airx气熙 高端无雾加湿器 卧室家用 孕妇婴儿空气加湿 L大容量 上加水 母婴  ml/h加湿量H 优惠券  元券后价  元 airx气熙 高端无雾加湿器 卧室家用 孕妇婴儿空气加湿 L大容量 上加水 母婴  ml']"
33,32,47,32_声音_早上_公交_很忙,"['声音', '早上', '公交', '很忙', '自己', '街道', '耳机', '路上', '阳光明媚', '甚至']","['以为昨天半夜 定会下 雨，结果并未落下 一晚上 囫囵觉睡过去， 忘 定会下雨这件事，甚至 忘 今早上 天气凉没凉这件事 一天 事太多 ，忙忙叨叨，干这干那，自己 感觉风风火火 ，需 脚下踩个风火轮  其实大家 很忙，各个 ，连走路大家  标配 ，急急忙忙，风风火火 同事们相互', '清晨 雾气蒙蒙，拂过熟睡 街道，时光 车轮依旧缓缓转动 夜幕未曾离去，灯火通明 城市还沉浸 沉静 黑暗中 而 ，却已经走出 嘈杂 加班 ，埋首于这温和 清晨之中 深夜 工作疲惫 身体，但孤独 宁静 让 得到 前所未有 放松 脚步 轻盈，与心灵 空旷，仿佛已将 置身于另一片天地', '会议结束  走出宾馆，天黑下来，雾气升起，湿漉漉 空气中，淡淡 樟树香味若有若无 宾馆离 号线 . 公  放下书包，扫 辆共 单车，打开导航上路 毫 意外 走错 方向，搞得导航一直 ，“为您更换 路线”   断变换 路上， 突然有点恍惚， 时跨过 小河，落满黄叶和梧桐果 街道，安静']"
34,33,47,33_周五_周五下午_快活_噢耶,"['周五', '周五下午', '快活', '噢耶', '空气', '想参加', '放假前一天', '充满', '周末愉快', '开心']","['快乐 于 朋友 手机壳  们大学最后 合照，吃到 甜甜 蛋糕，男朋友和  可爱 话，今晚 橘子好甜，快递到 ，   氛围很轻松，咖啡店小姐姐送 甜地瓜，下班呼吸 新鲜 空气 路上慢慢走很多很多时刻 让 觉得 很幸福开心，虽然 子很难过，但 开心 时刻真 很多', '下午下班，想去公园走走，走到公园门口发现初秋 天气真好，空气略潮但 有微微 青草香，于 觉得这么好 天气，  去把  散步搭子 妹妹 接过来一起 受  俩慢悠悠  公园晃荡，她问  妈妈，  公司有什么开心和 开心 事情吗？（学爸爸，聊天开始语）然后 脑子一下宕机 ，啥 想', '最开心 周五哎中午 饭好好吃，这个小 饼 好吃 很天 喜欢 天， 连空气 比以往 香甜 几分吉他社团真 很好混，尤其 助教  ，坐 扣手机 完事 ，嘻， 过 学到 吉他 一些东西， 会弹  哟参加水果拼盘社团 学生，这搁谁 想参加 ，  想参加，']"
35,34,44,34_电话_对方_承办人_声音洪亮且拽,"['电话', '对方', '承办人', '声音洪亮且拽', '财务部', '两秒', '一句', '什么', '老板', '见到']","['同 同事 出差  他座机响 替他接一下  喂（声音洪亮且拽）对方 喂（空气安静 两秒）   找x哥么，他出差 ，明天来上班（声音洪亮且拽）对方 噢.  x（  名字）吧？       谁 （看 这自信）对方  问 两件项目上 事 @ (其中一件)     知道 这个这个问x', '最近发现本院这边 女上司好像对那个打空气高尔夫 男技师（以下简称挥杆男）有点意思，每天上班 乐趣   动声色 观察这两个人 相处 挥杆男来科室 这一周，女上司 谢谢 语气 可爱 ，走路 姿势 跳跃 ，脸上 洋溢 笑容 ，但仅限对挥杆男 甚至对  有耐心多 解释两句 ，因为她之前', ""介绍一下 即将拥有 supervisor，他留 褐色 胡子，左右两个耳朵上 戴 耳钉， 话时闪烁 会笑 眼睛，最常  词 没关系，这个  用担心，和做一些 觉得有意思    椅子 够他让 们坐 空气净化器上，见到 和绿子  第一句话 “You're so beautiful”  知道 ，  终极目标""]"
36,35,43,35_厕所_卫生间_厕所空气_连厕所,"['厕所', '卫生间', '厕所空气', '连厕所', '清新', '空气比', '空气', '窒息', '所以估计', '溜出来']","['厕所多 两盆绿萝🪴一开始 以为 物业放 这净化空气 可 它被浇 太多水，一些分枝已经烂掉 发出 臭味，所以估计 谁嫌臭放弃养 吧 没想到上厕所还 双重打击 忍 巨臭把它底下 水倒  烂叶拔掉 烂根拔掉 放  太阳下虽然 手臭  但希望 能活等 活  再救另一盆', '厕所 空气 比 清新，真 会谢  空间挤满上百人，整天整夜 开窗（窗户只能打开一点）还刚装修好，还开 足足 暖空调，第一次想 厕所 胜于 ，', '厕所 空气 比 清新']"
37,36,42,36_受强冷空气影响_预计_毫米_受冷空气影响,"['受强冷空气影响', '预计', '毫米', '受冷空气影响', '夜间至', '紧急通知', '左右', '局地', '雨雪', '阵风']","['巨鹿县气象灾害防御指挥部 关于做好大风降温沙尘等灾害防御工作 紧急通知 受冷空气影响，预计 夜间 县有偏北风 ～ 级，阵风 ～ 级并伴有沙尘天气，明天白天最高温度下降 ～ ℃  求各乡镇政府 经济开发区进一步加强应急值守，确保一旦出现灾情，及时有效处置，做好灾害防御工作', ""巨鹿县气象灾害防御指挥部 关于做好大风降温沙尘等灾害防御工作 紧急通知 受冷空气影响，预计 夜间 县有偏北风 ～ 级，阵风 ～ 级并伴有沙尘天气，明天白天最高温度下降 ～ ℃'"", '郑州市人民政府低温雨雪冰冻应急灾害指挥部  市应急管理局提醒广大市民 据气象部门预测，受强冷空气影响， 市将有一次寒潮 雨雪 大风天气过程   至  ，气温降幅达 ～ ℃；请您注意防寒保暖，做好防范']"
38,37,42,37_个县_steel_上栗县召开大气污染防治工作调度会_从第,"['个县', 'steel', '上栗县召开大气污染防治工作调度会', '从第', '组织召开', 'je', '县十九届人民政府召开第', '次常务会议', 'energy', 'consultant']","['，省生态环境保护委员会 召开约谈会，对环境空气质量连续 个 排名省辖市后 名 洛阳市 驻马店市政府和连续 个 排名县（市 区）后 名 洛阳瀍河区 洛龙区，平顶山高新区，安阳林州市，焦作沁阳市 解放区，许昌襄城县，漯河舞阳县，驻马店开发区 高新区等 个县（市 区）政府（管委', '\ue627职场 \ue627公益  JA中国｜上海 北京全职岗位招聘OJA中国｜上海 北京全职岗位招聘NRDC招聘｜Part-Time Steel Consultant  Climate and Energy  je tONRDC招聘｜Part-Time Steel Consultant  Climate and Energy  je t智慧货运中心全职招聘｜项目经理（零排放货车） 物流碳核算技术经理O智慧货运中心全职招聘｜项目经理（零排放货车） 物流碳核算技术经理坐标广州，一公斤盒子', '，省大气污染防治联席会议 发出通报 根据国家下达   度大气污染防治考核指标，南京 泰州 无锡 淮安和常州空气质量改善序时进度“ 合格”， 求当地高度重视，采取果断措施，确保实现 度目标 O江苏 市治气 达时序进度遭通报 国家 求加码形势 容乐观江苏 市治气 达时序进度遭通报 国家 求加码形势 容乐观']"
39,38,40,38_空调_好热_这么热_开空调,"['空调', '好热', '这么热', '开空调', '桶包外面', '摸到窗户', '放工资', '撅过去', '有冷空气还真', '生活还水深火热']","['假期 放工资 涨空调 开然后 老师搞 个电风扇，但 吹 到但空气 流动还好， 怎么热，这风扇一开，热空气 被吹开 ，冷空气感觉 到，热空气一阵一阵 往 这顾涌', '有 好习惯比如上班 到下楼开车，过程中肯定会接触热空气，  会立马打开车上 冷气，会给自己适应 时间但 老公孩子 这样 情况  “热亖 ，快打开冷气”盛暑到 ，太热还 可以立马开空调 别中暑 祝大家冰冰凉凉一夏', '时常怀疑 跟 其他男同事对于温度和空气流通性 感知   真 有很大区别   理解 ，外面温度 ℃且空气清新没有任何异味 情况下 们  房间 跟五台运行  电脑共处一室又 开空调，那么为什么  开窗通风呢 没有人觉得空气 流通很闷热吗？还  们感觉这个']"
40,39,39,39_空气有毒_疯狂咳嗽_嗓子_开始咳,"['空气有毒', '疯狂咳嗽', '嗓子', '开始咳', '一到', '咳嗽', '有毒', '空气真', '想起之前', '感冒咳嗽感觉空气']","['真 奇怪，自从搬  因为空气质量问题，嗓子疼，应该 呼吸道脆弱被甲醛伤到 ，于 天天晚上咳嗽睡  觉 这么多天 吃辣昨天晚上太馋吃 几包小王子，结果确没有咳嗽 ，感觉嗓子 好 一些 🤣这 什么奇怪体质', '〖Week. 〗 ️⃣嗓子隐隐作痛两天，晚上吸点冷空气 疯狂咳嗽，但测 抗原又没有任何情况，猛吞两天消炎药可算 慢慢好  ️⃣失去婷婷子感到些许失落☹️崔姐学起来认真但懵懵 ，没事 能干，只 没交钱 能救回来，交钱 大  麻烦朋子哥点一点🙏🏻 ️⃣和王', '感冒两周咳嗽一周  吃消炎药化痰止咳各种药   好用 嗓子  定那口空气 对 开始咳 停 下来  已经待 住  自己每天跑没人 会议室  儿子昨天 学校吃水果 时候听同学 带 金桔可以止咳  用自己 水果跟人家交换  带回家给 吃  妈妈吃 金桔 好  好感动']"
41,40,38,40_春节将至_颗粒物和硫化物会使空气质量急剧恶化_燃放烟花爆竹_通知,"['春节将至', '颗粒物和硫化物会使空气质量急剧恶化', '燃放烟花爆竹', '通知', '禁止', '起至', '疏堵结合', '做到人离气关', '点放孔明灯', '烟花爆竹虽然可以增添一定']","['亲爱 市民朋友们 春节将至，辞旧迎新，烟花爆竹虽然可以增添一定 节 氛围，但燃放烟花爆竹所释放 颗粒物和硫化物会使空气质量急剧恶化，影响市民身体健康，影响公共环境卫生，更易酿成人身伤亡火灾事故和财产损失 为深入推进“保卫蓝天 美化环境”，请广大市民立即行动起来，从  做起，从现', '广东省森林防灭火指挥部  省应急管理厅 省住房和城乡建设厅提醒您 五一假期，禁止携带火种及易燃易爆物品进入森林防火区，禁止 林区焚香烧纸 燃放烟花爆竹及吸烟 野炊和烧烤等；使用燃气时需保持空气流通，用气后关闭燃具及炉前阀门，外出勿忘关闭表前阀或气瓶阀，做到人离气关 劳动光荣', '广东省森林防灭火指挥部  省应急管理厅 省住房和城乡建设厅提醒您 五一假期，禁止携带火种及易燃易爆物品进入森林防火区，禁止 林区焚香烧纸 燃放烟花爆竹及吸烟 野炊和烧烤等；使用燃气时需保持空气流通，用气后关闭燃具及炉前阀门，外出勿忘关闭表前阀或气瓶阀，做到人离气关 劳动光荣，']"
42,41,33,41_嗑瓜子_小猫_寿命_市场,"['嗑瓜子', '小猫', '寿命', '市场', '经验', '味道', '以为', '求改价', '柜姐那款香这个车主几个意思', '村民们看到后可以与小猫']","['来到 ，打扫完卫生，坐  桌前，突然发现放 桌上 台历居然剩下最后一页 ，而且还 狗 寿命 感叹时光飞逝，难道狗狗 寿命 这么终结 ？回想这一 ，感慨颇多 远离故乡，驻守边疆 认识 许多朋友，品到 纯正 普洱茶 工作还算顺利，厨艺大有长进 呼吸', '一则记录 下午 大哥喊 去家 吃螃蟹，过去后告诉 有只螃蟹挣脱枷锁跑出来 ，让 重新绑一下，于  虎头虎脑伸手 去捉，由于没有绑螃蟹 经验，只有吃 经验， 很果断地上下抓，这个时候大钳子 咔嚓一下飞过来 ，被 吃之前它 狠狠吃  一口  呜～手指头差点 掉下来，此仇 报非胖汪', '周 朋友聚会， 通州八 桥市场水产大厅 号买 海鲜，回到家发现螃蟹 换成死  ，愤怒至极，返回理论， 市场 ，商贩嚣张狂妄，声称 卖   死螃蟹，找谁 没用，市场管理员站 一旁如同空气一般，   敢再 ，找个理由逃出市场，死螃蟹丢 市场 没敢拿回来，哎，胆小 千万  去，']"
43,42,32,42_副总_茶百道云绒轻茶_政和白毫银针_凤凰单丛乌龙茶,"['副总', '茶百道云绒轻茶', '政和白毫银针', '凤凰单丛乌龙茶', '喝点吧', '香樟木', '支持他', '茶杯', '如果', '喝茶']","['想起之前副总找 谈话 把 叫进  “喝水”   “ 喝”副总 “那 喝茶？”  “ 喝”副总 “喝点吧”  “行”副总泡茶 手一愣 “到   没有 喝茶 ”  “那  这么     喝 呗”副总 “喝点吧 绿茶行吗？”  “那 还  喝 ”副总 “别 好意思”', '花几分钟，让您 解小青柑  同寻常之处 小青柑果皮本身具有良好 药用价值，挖去果肉，填上普洱茶以后， 做成 一种独特 柑普茶  仅 口感滋味上有变化，更 提高 营养价值 使得茶中融合 柑果 果香味，清甜回甘，细腻滑爽，清新可人   理气健胃，祛痰润喉小青柑，果小 皮青 柑质', '茶席上 风水，怎样才能“活”起来？筑梦茶乡 福地湄潭 湄江印象 只为一杯好茶喝茶人 雅趣与情趣，大到茶 器 境相融相构 空间配置，小到方寸之间 茶则 盖置，一点一滴 有讲究 中国人讲茶席，自然 离 开风水 普遍上讲，风水养人，人 养风水 风水风水，讲究风， 讲究水 茶席之上，']"
44,43,32,43_病毒_传染力_新冠病毒_戴口罩,"['病毒', '传染力', '新冠病毒', '戴口罩', '空气中', '秒内失去', '肠道', '分钟内失去', '飘散', '存活']","['新研究 新冠病毒 空气中 分钟内失去 %传染力 根据 研究 新冠病毒 空气中 分钟内失去 %传染力 英格兰布 斯托大学研究员使用特殊设备测试新冠病毒 各种温度 湿度和光照条件下，能以悬浮微粒存活多长时间 此研究，为全球首次模拟病毒 被带原者呼出到空气后 存活结果  低', '湿身危险 ⚠️新冠“偏宠”潮湿环境， 分钟后仍有传染力 游泳爱好者emo  英国研究人员发现，新冠病毒 潮湿 环境中更容易繁殖 当干燥 环境会大幅度降低它们 感染力 例如， 湿度只有 %  中，病毒会  秒内失去 % 传染力，但 桑拿房 湿度高达 % 浴室中， 分钟后， % 病毒', '根据一份 研究，新冠病毒 空气中 分钟内 能彻底失去  % 传染力， 分钟内失去大部分传染力； 低于 % 湿度下，类似 中 空气，病毒 空气传播后 秒内失去 一半 传染力 O纽约放弃  已经停止追踪确诊者，  会再致电  大家各自安好']"
45,44,32,44_雨后_下雨_喜欢下雨天_捂脸,"['雨后', '下雨', '喜欢下雨天', '捂脸', '空气真好', '出来', '突然', '窗外', '把雨伞但出', '看到朋友']","['去 这个时候  国内，回来发现雨季其实  算来 今 感觉这 气候反常，天气热 很多，而且雨季持续 好久  下  上午 雨， 过去  子 好像下雨只会一两个小时 停，这种下 五六个小时  子还真 罕见 一下完雨，莫名其妙 虫子 出来 ，长 翅膀，趋光，但 好像死  快，  塞拉', '好像下 一次很大 雨，但   地下  对账一点儿没有感受到雨下  否激烈，只 差异被一点点对出来 时候 觉得这几天每个 这几天绷  弦慢慢舒缓，等到走出 区，只觉得空气 自由 小雨滴洒落   身上似乎很欢悦，又去逛 很久前 应该去 超市，顺便吃 个晚晚饭，对哦，莲花，好', '保定这座城市， 确需 一场雨来滋润 上午看朋友圈，看到朋友 自己  已经成为桑拿房，多想来一场雨  一场烟雨 保定，众望所归，万众期盼 终于， 中午 十分迎来 一场雷阵雨 虽然雨 大，但 却异常 让人欢喜，空气中终于有 些湿润 气息， 多 一些雨后 凉风吹来 下午 天气， 让']"
46,45,32,45_运动_绿色锻炼_肌肉_注意,"['运动', '绿色锻炼', '肌肉', '注意', '一次', '此外', '呼吸新鲜空气', '每走一步', '健脾胃最好', '核心收紧']","['扭腰功扭腰功 一套有效 强肾功法，简便易学，收效迅速，且 受场地 时间限制， 家   和旅途中 可以练习 增强肾功能 意味 增强 精力 记忆力 骨骼，减少落发 黑斑和皱纹 此外，它对所有腰胯以内 疾病 有疗效，比如生殖系统 泌尿系统 疾病，如前列腺炎 膀胱炎 肠道疾病 便秘', '经常步行 人，最终会这样 世卫组织认定，走路 “世界上最好 运动” 数据统计 每走一步，可推动人体 % 血流动起来，活血化瘀；可挤压人体 % 血管， 简单 “血管体操”；至少可运动 % 肌肉，有助于保持肌肉总量 一起来看看走路  条益处  增', '世卫组织认定，走路 “世界上最好 运动” 数据统计 每走一步，可推动人体 % 血流动起来，活血化瘀；可挤压人体 % 血管， 简单 “血管体操”；至少可运动 % 肌肉，有助于保持肌肉总量 一起来看看走路  条益处   增加记忆力随  龄 增长，人 记忆力  退转，步行能够增加记']"
47,46,32,46_过敏_空气过敏_流鼻涕_过敏源,"['过敏', '空气过敏', '流鼻涕', '过敏源', '过敏原', '打喷嚏', '冷空气过敏', '喷嚏', '鼻子', '一下一天']","['四岁七个 自从上次感冒后，童 一直吸鼻子清嗓子 严重 时候，可以一整天 间断 听 心疼又烦躁，一声声 咳  心上 鼻涕倒流导致 咽炎 鼻喷中成药轮番上阵，一边担心鼻炎，一边担心引发抽动 每天醒来 像开盲盒， 知道这一天会 会好一些 这期间，   张大胖 稳定情绪安抚  ，', '这一  经历做个小结 因为搬新 ，室内可能出现 导致 过敏 东西，应该 装修涂料之类 东西，致使哮喘发作 六到八 份病情加重考虑可能 夏季室内密闭开空调，室内空气 好导致 经过一  时间，过敏原 量慢慢减少，目前停药 只 轻微咳嗽 所以，做好过敏原隔离对 来 很重  但', '🍃  有个姐妹 过敏 ，哎呀， 一看，跟 家老大一样一样 ，妥妥 春敏啦 春季因为天气 关系，空气中很多粉尘，花粉，大气污染，汽车尾气之类 ，再加上那个姐妹坐 ，天天对 电脑，辐射  果娘 这 给姐妹们建议，给肌肤保湿，勤洗脸，勤补水， 礼拜用两次 黑膜，吸收下毛']"
48,47,31,47_空气有毒_有毒_有毒吧_空气有毒吧,"['空气有毒', '有毒', '有毒吧', '空气有毒吧', '空气真', '想吐', '水泥封鼻第三天', '第四次还', '算什么', '空气好像怨气超标']","['空气有毒本来已经🐑 好点  坐 那一天感觉 窒息这熟悉 感觉已经 知道 第四次还 第五次', '感觉   空气有毒 踏进去 想吐', '空气真 有毒吧  待上两个小时 感觉头晕想吐 比地铁  空气还毒']"
49,48,31,48_当前_外务工_大家好_朋友们,"['当前', '外务工', '大家好', '朋友们', '希望您们站', '农业农村部新闻', '临夏籍朋友们提出如下倡议', '面对当前河北等地再次出现', '个人防护', '市疫情防控指挥部向全体市民发出健康提醒']","['当前，全国疫情形势呈现点多 面广 传播链复杂 持续时间长 特点，为有效降低疫情传播风险，做好自身健康第一责任人 市疫情防控指挥部向全体市民发出健康提醒 （一）主动报备行程广大市民朋友应密切关注所 地和目 地疫情防控动态和风险提示，非必  去高风险区旅游 出差 探亲 确需', '倡议书广大临夏籍 外务工 朋友们 大家好!面对当前河北等地再次出现 新冠肺炎疫情，为 保护您 家人和亲友员工 健康，共同守卫全社会人民群众 生命安全和身体健康， 们对 外务工 临夏籍朋友们提出如下倡议 顾全大局，坚守岗位  这个特殊时期，希望您们站 维护个', '倡议书广大临夏籍 外务工 朋友们 大家好!面对当前河北等地再次出现 新冠肺炎疫情，为 保护您 家人和亲友员工 健康，共同守卫全社会人民群众 生命安全和身体健康， 们对 外务工 临夏籍朋友们提出如下倡议 顾全大局，坚守岗位  这个特殊时期，希望您们站 维护个人和家乡安全']"
50,49,31,49_靳东_跳楼_梦到_昨晚,"['靳东', '跳楼', '梦到', '昨晚', '好长', '梦见', '梦到东哥', '昨天晚上做', '非常离奇', '故意']","['写 一点橡木匣&局长 故事主观认为   p向，但如果 当 p吃 可以噩梦从某个阴冷 干燥 地方渗 进来，她感觉， 像自己 精神世界出现 一条裂隙，有种怪异 冷气正 一点点笼罩她 身体 ，无形 血脉正 发烫，刺痛 神经，殷红 枷锁 眼前铺成路，无声地指引方向 局长醒 ，她', '昨天晚上做  噩梦 梦见有穿 制服 人直冲 们 ， 还没反应过来 啥事儿，另一边有两个人一直拉  穿黑色衣服 人，好像他 跳楼似 ，其他 人  各自座位上坐 ，没人关心那个 死 活 跳楼 人 争吵 一会儿，那个 跳楼 人情绪稳定下来，那两个人松开  跳楼 黑衣人，  这', '梦见很多电台主播  从高高 扶梯下来 赶上什么见面会最后一句 梦见 格局很差 房间 发生过凶案 电台主播带 人看 一层很狭长 空气 好流通 客厅沙发 然后  卧室 床头边 位置竟然 马桶 二层楼梯上去 浴室 掀开浴帘竟然对 大马路和高楼  过 很高    主播拿 死者用过 浴巾 分析她身体']"
51,50,31,50_早上出门_浑身_地铁上_一样,"['早上出门', '浑身', '地铁上', '一样', '想念', '回忆', '最近', '封闭', '浑浊', '每天超过']","['泡面 味道昨天晚上  还没回家，忽然空气中飘来一股泡面 味道 工作七 没少加班， 没少吃过泡面，对泡面 味道并 陌生 但这次却 一样，好像 一种很遥远 味道，明明又很亲近 回忆 回忆   对 这  读大学期间火车上 泡面味道 大学毕业十  ，这泡面味又把 拉回乘坐T字头火车转', '早上干干净净出门，没走几步 汗流浃背，到 班车上好一阵子才凉快下来  到  ，简直 桑拿房，闷热难耐，打开空调电扇 到走廊 呆 ，此时又开始出汗  没多久  出外勤，此时烈 高照，空气静止，硬 头皮出门，工地上更 酷暑难当，地面到处 浮灰，又脏又热，  裤脚  鞋袜  全', '早上出门，等公交 时候随手自拍 一张，口罩十 去 买 给Honey用他没用完 ，今  算给 派上用场  一 之计 于晨，清早应该 最有活力 精力充沛 时候  从 当时 眼神中看到 怼霾 厌恶，灰蒙蒙 冬天带给人 阴沉和烦闷 封闭 公交内 浑浊 空气，广阔 室外依然 浑浊 空气，']"
52,51,30,51_农历二_初九_五张新_照顾,"['农历二', '初九', '五张新', '照顾', '过去', '十五', '从家', '周末', '周二', '完成']","['换冬令时之后 还没下班天 黑  空气  开始有 冬天 味道 这两天坐  简直太幸福 水果饮料零食 无限供应 朝九晚五 回回邮件   逛逛 感觉啥 没做 一天 过去  突然羡慕起楼下 Tax同事 作为一只快乐 审计狗 后天又 出差啦 珍惜明天窝    时光吧 坐    时候 真 有', '人体工程学每周生肖运势       （农历二 初九 ）—    （农历二 十五）( ) .马本周运势      （农历二 初九 ）—    （农历二 十五）本周一开始  显得冲劲十足，虽然  工作量会加重一些，甚至让  得 加班，但有 少工作 本周有成果出现，让 欣喜 已 最近', '本周小事  干 活太多 导致每天 有值班同事路过 问 怎么还没走   雨跟七 前考场外 一样大 空气 还有一股隔壁酒厂 酒味 周二 好 羽毛球终于 周四下班后成行 九点半到十点半 出汗很爽   球技太菜 阿饼买 礼物到  夸夸 明天背新包包出门 虽然还没到周五 但 已经准备好']"
53,52,30,52_能看到_穿鞋_空气清新_阳光,"['能看到', '穿鞋', '空气清新', '阳光', '夏天', '来到户外呼吸一下新鲜空气', '潺潺流水声', '温泉洗个脸', '没顾上抬头', 'ak到cibodas']","['-早上赶 去集合 时候被别人催 发工单导致一车 人  等 们  人到 目 地开始爬山🧗虽然山 高但 有好几个路段 很陡好 今 明智 选 薄衣服没下雨没太阳有点闷热山顶 风景还 很美 空气 很新鲜下山 去山 面吃饭返程路上基本 睡  本想去接 杨懒懒 带他回家', '雅加达  工作人员 建议您  登山周末呼吸新鲜空气 好地方 GunungGede-PangrangoNationalPark-位于茂物国家森林火山公园 海拔约 公 ，从雅加达经Pun ak到Cibodas 入口，半山腰有热腾腾 温泉，山顶 巨大 火山坑和堰塞湖 反正 从来没爬上山顶，一般到 温泉洗个脸 作罢 ?', '丝山，  照很多遛弯爱好者常去 地方，一座无门票无商业化 “野山” 驱车 几分钟 能到山脚，比起其他商业化 山距离近太多 从停车场爬 来分钟 能到山顶，东看能望到大海，南看又 繁华 城区，西北方向望去 更壮阔 山峦 为 看 出 落想偷懒甚至可以开车到接近山顶 地方']"
54,53,28,53_电脑_多多生活_果然当代人被手机绑架太久_找各种事情做打发时间,"['电脑', '多多生活', '果然当代人被手机绑架太久', '找各种事情做打发时间', '前段时间做完近视手术啦', '这买', '还特地请', '一开始还以为会无聊', '让眼睛好好恢复一直没有怎么用手机', '大家平时']","['这该死 来 来一直隐隐作痛 生理期.感冒几天 破喉咙中睡醒.打开 这买 半  手机居然开  机还 自欺欺人可能  卡 .洗漱完想 打个底显得有气色. 这万 油皮居然干 起皮.OK 还能忍.带上给朋友 礼物.开   小毛驴穿梭 冷掉牙 冷空气大街上.到   打开 这买 半  手机（', '\ue627全飞秒 做近视手术后 玩手机如何打发时间？前段时间做完近视手术啦，还特地请 假，为 让眼睛好好恢复一直没有怎么用手机， 找各种事情做打发时间👀一开始还以为会无聊，结果发现有挺多事情可以做 ，果然当代人被手机绑架太久 ，大家平时 可以放下手机，多多生活 ☺️做个近视手术', '做近视手术后 玩手机如何打发时间？前段时间做完近视手术啦，还特地请 假，为 让眼睛好好恢复一直没有怎么用手机， 找各种事情做打发时间👀一开始还以为会无聊，结果发现有挺多事情可以做 ，果然当代人被手机绑架太久 ，大家平时 可以放下手机，多多生活 ☺️做个近视手术还顺便帮 戒手机']"
55,54,28,54_兰州_满意呢_们许多环保人晚上_天上见到星星和,"['兰州', '满意呢', '们许多环保人晚上', '天上见到星星和', '天更满意', '天更蓝', '晚上回', '兰州白天', '间更多', '大气更洁净']","['好像 下雨，天一直阴 ，隐隐约约有雷声 但空气 热 ，吹来 风很 真实，很闷， 凝固 风  坐   ，一边粘信封，一边看 作者刚刚更新 订阅号，一边划 奇迹暖暖做任务 结果什么 做 专心， 打算认真 把游戏先打完，再一边看更新一遍粘信封  ，济南 夏天， 预感到 开始认真', '兰州 天更蓝  大气更洁净  天上见到星星和 亮  人们对头上 天更满意  回想  前后，兰州白天 太阳 暗 ，晚上 天 黑 ，空气 有难闻 味道 ，对比现 怎么能 满意呢 为 兰州 蓝天， 们许多环保人晚上   度过 ，环保局长  一 间更多 晚上回  家', '兰州 天更蓝  大气更洁净  天上见到星星和 亮  人们对头上 天更满意  回想  前后，兰州白天 太阳 暗 ，晚上 天 黑 ，空气 有难闻 味道 ，对比现 怎么能 满意呢 为 兰州 蓝天， 们许多环保人晚上   度过 ，环保局长  一 间更多 晚上回  家，']"
56,55,28,55_声音_linkbuds_痛苦_人来,"['声音', 'linkbuds', '痛苦', '人来', '讨厌', '耳机', '玻璃', '如果', '突然', '有些烫手']","['有幸提前体验到 魅族PANDAER Air   半入耳降噪耳机 首先颜值方面，可以永远相信魅族 审美，耳机仓造型圆润，非常 顺手，会忍 住 去盘它 打开之后这个配色 真 太爱 ，梦回    白天青，耳机 本体上面 印 PANDAER 标志和英文，防尘圈上  魅族独有 小惊喜以及细节佩戴', '从嘴 发出来 声音会因为 们喉咙 口腔和鼻腔形状  同，以及舌头和嘴唇 动作而发生变化 决定 们声音音高 重 因素之一  音速， 空气中，声音以每秒 米左右 速度传播 研究结果表明，声速 氦气 几乎 空气  三倍——接近每秒 米 所以，当  肺 充满 氦气时 话， 所发出 声波', '索尼 LinkBuds托索尼 福，如果   Xperia V 预购套装 赠送   LinkBuds 耳机， 可能很长时间  会用上这种形态  TWS 耳机产品 从发布时间上来 ，  初推出  LinkBuds 已经 算新品 ，但这个「洞洞乐」 外观放 所有耳机  算 一种新奇 设计，类似 产品少']"
57,56,27,56_西安市重污染天气应急指挥部_发布重污染天气黄色预警_预计_时起启动重污染天气黄色预警,"['西安市重污染天气应急指挥部', '发布重污染天气黄色预警', '预计', '时起启动重污染天气黄色预警', '利气象条件影响', '通知', '级应急响应', '预测', '西安市已下发预警通知', '点前后']","['明后两天空气质量处于中-重度污染  发布重污染天气黄色预警 O   时启动 I 级应急响应     晚，西安市重污染天气应急指挥部 发布重污染天气黄色预警，从O     时起启动重污染天气黄色预警（ I 级应急响应），中小学幼儿园停止户外运动，三环路（含三环）范围内一般施工单', '紧急 西安明天凌晨将迎来一沙尘污染天气 如何应对拒绝“吃土”😱记者刚刚从西安市重污染天气应急指挥部  解到，明天（    ）凌晨 点前后，一轮沙尘天气将抵达西安 为 减少对空气质量 影响，西安市已下发预警通知， 求各地做好应对防护措施，并提醒广大市民做好防护措施，一般', '记者刚刚从西安市重污染天气应急指挥部  解到，明天（    ）凌晨 点前后，一轮沙尘天气将抵达西安 为 减少对空气质量 影响，西安市已下发预警通知， 求各地做好应对防护措施，并提醒广大市民做好防护措施，一般人群应尽量避免户外活动，如户外活动应采取佩戴口罩等防护措施 通知如下 各']"
58,57,27,57_请市民做好健康防护_时本市启动空气重污染橙色预警_时至_发布,"['请市民做好健康防护', '时本市启动空气重污染橙色预警', '时至', '发布', '市空气重污染应急指挥部', '北京市空气重污染应急指挥部', '提示', '本市于', '短信', '时启动空气重污染橙色预警']","['市空气重污染应急指挥部 发布        时至     时本市启动空气重污染橙色预警 请市民做好健康防护 开始 ，BJ 霾', '北京市空气重污染应急指挥部 发布        时至     时本市启动空气重污染橙色预警 请市民做好健康防护', '市空气重污染应急指挥部 发布        时至     时本市启动空气重污染橙色预警 请市民做好健康防护  北京']"
59,58,26,58_预计_短时可达重度污染_截至_污染水平将逐步上升,"['预计', '短时可达重度污染', '截至', '污染水平将逐步上升', '首轮重污染天气来袭', '预计空气质量以良至轻度污染为主', '气象部门会商', '夜间受本地累积影响', '经本市生态环境', '利气象因素影响']","['聊城最近虽然没有限号，但 工地作业基本上  能进行  新一轮 重污染天气又 路上  根据山东省重污染天气应急工作小组 下发 文件 预计      至  前后  省济南 德州 聊城 淄博 泰安 济宁 枣庄 菏泽等城市空气质量可能连续 天达到重度及以上污染 且可', '经本市生态环境 气象部门会商，预计  夜间受本地累积影响，污染水平将逐步上升，达中度污染；  凌晨至白天受冷空气输送影响，以中度污染为主，短时可达重度污染 市空气重污染应急工作组 决定，本市自 O申城启动空气重污染黄色预警，预计明天空气有短时重度污染', '截至  时，实时空气质量指数为 ，轻度污染，首 污染物为PM .  经本市生态环境 气象部门会商，预计  夜间受本地累积影响，污染水平将逐步上升，达中度污染；  凌晨至白天受冷空气输送影响，以中度污染为主，短时可达重度污染 市空气重污']"
60,59,24,59_北京市空气重污染应急指挥部_上海市空气重污染应急工作组_启动ⅳ级响应措施_时发布空气重污染蓝色预警,"['北京市空气重污染应急指挥部', '上海市空气重污染应急工作组', '启动ⅳ级响应措施', '时发布空气重污染蓝色预警', '时起启动空气重污染蓝色预警', '利气象条件影响', '预计', '发布', '提醒儿童', '暂停户外活动']","['O刚刚 沪启动空气重污染蓝色预警，今夜明晨大部地区有雾 明天略有降温市空气重污染应急工作组 决定，本市自     时起启动空气重污染蓝色预警，启动Ⅳ级响应措施 提醒儿童 老 人和心脏病 肺病及其他慢性疾病患者尽量停留 室内，暂停户外活动；一般人群减少户外活', '市空气重污染应急工作组 决定，本市自     时起启动空气重污染蓝色预警，启动Ⅳ级响应措施 提醒儿童 老 人和心脏病 肺病及其他慢性疾病患者尽量停留 室内，暂停户外活动；一般人群减少户外活动，尽量减少开窗通风时间 室外作业人员采取必  防护措施', '上海市空气重污染应急工作组 决定，本市自     时起启动空气重污染蓝色预警，启动Ⅳ级响应措施 提醒儿童 老 人和心脏病 肺病及其他慢性疾病患者尽量停留 室内，暂停户外活动；一般人群减少户外活动，尽量减少开窗通风时间 室外作业人员采取必  防护措施']"
61,60,24,60_视频_蜜糖半_眉来眼去当其他人空气_白鹿罗云熙开启,"['视频', '蜜糖半', '眉来眼去当其他人空气', '白鹿罗云熙开启', '恋爱酸臭味太浓', '恋情', '记忆', '本期新人解', '晚点', '您已逃离尼莫点']","['半 蜜糖半 伤 白鹿罗云熙开启 恋情，眉来眼去当其他人空气，恋爱酸臭味太浓  L圈内阿宇  视频', '半 蜜糖半 伤 白鹿罗云熙开启 恋情，眉来眼去当其他人空气，恋爱酸臭味太浓  L祝祝后援会  视频', '半 蜜糖半 伤 白鹿罗云熙开启 恋情，眉来眼去当其他人空气，恋爱酸臭味太浓  L小祝祝姐  视频']"
62,61,21,61_people_adj_王博文_are,"['people', 'adj', '王博文', 'are', 'sundry', '江宜', '圣诞礼物', 'or', '圣诞', '孙耀威']","['隐约 感到 有点异常 空气弥漫香水 味道，Tina和Bella戴 两个夸张 耳坠，克拉悠哉 躺  桌上，会客厅平安果 停 闪 灯光，各种好吃  摆满 茶几，最疑惑  两个人分别放  圣诞口袋， 面 空  这让 想起昨天 平安夜，  圣诞 这   给  暗示什么？没有媳妇准备礼物', '限量 份❗手摸一下香一整天❗观赏柚❗暹罗红香水文旦❗一对红柚，喜庆十足🔴春节 氛围感拉满， 有吉祥喜乐 美好寓意🧧🏮寓意红红火火，顺顺利利🏮周 庆/开业/乔迁/结婚/过节/送礼/摆供/祭拜 非常合适🏮香水文旦 独特果香气，长达两个 🏮放车上，房间， 可净化空气，', 'ADJ[正式][ADJ n]形容词If someone refers to sundry people or things  they are referring to several people or things that are all different from ea h other. 各异 S ientists  business people  and sundry others gathered on Monday for the offi ial opening.科学家 商人和其他各类人士']"
63,62,21,62_有一模一样_一网_策划_疫情,"['有一模一样', '一网', '策划', '疫情', '时光', '所有', '深夜治愈系', '然后远远地看到', '然后一直休息被按摩什么', '浮藻']","['//杂 .昨天一下午  坐车，头 晕晕 ，胃  舒服 ，脑子 放空又无序 ，于  混混沌沌  脑海中 出海，撒网，一网开心 某些过客，一网杂乱略略 浮藻，一网孤独伤感 某些黑夜，一网，一网   . 半 没见，然后远远地看到， 开始招手喊话互黑， 管人来人往，笑 肆无忌惮 老友重逢', '太阳神圣 光辉被空气中悬浮 小颗粒形成 雾霾遮挡 朦朦胧胧 人 品格  这种空气中变  再那么洁净 熙熙攘攘 利来利去，乱乱糟糟  掰扯， 那么与近  天气相得益彰 人生有四苦，世人难以逃出 生老病死；人亦有四毒，无法摆脱 贪嗔痴，怨憎会，爱别离，求 得  释义 同时，殊 知', '时空 长廊 ，生命只 角落  一抹淡淡 印记，所有 修行到最后，悟到 所有道理当中，唯有活 当下最接近真理 忙忙碌碌 十一 结束 ，疫情，还没结束 空气中透 冷冷 寒，  末最后一天，太阳露 个温暖 脸，气温虽低，但足以抚慰人心 疫情，封控，加班，连轴转，很']"
64,63,20,63_梅雨季_三十多_潮湿_下雨天,"['梅雨季', '三十多', '潮湿', '下雨天', '黄昏尽头', '浸润到草绿色', '身上发生', '这雾蒙蒙', '桂花香这一刻', '淅淅沥沥下']","['亲爱 XX，  得到 题目 雨，雨， 想可能 天空给云朵惹生气 ，云朵狠伤心所以哭泣，所以下雨， 很喜欢雨天，雨有生命力，它 顾一切 落下，去拥抱花草，去拥抱土地，去拥抱惆怅 人， 晓得嘛它  能消除人 戾气，很多人讨厌雨，但它偏偏  那么温柔， 求回报 去安抚， 留余力 去洗', '一大早来到 赶紧走到窗边，推开窗户，贪婪 吸吮 空气中 水汽 又  下雨天，终于又 下雨天 浮躁 心会因为合适 温度和风经过树叶 小心激起 雨珠掉落 声音而变得宁静，会 由自主地哼起小歌，觉世事如微风，轻柔而缓慢   可惜此时未处一片竹林中，脚踏湿漉 竹叶，任雨珠倾洒，鸟叫', '六  夏雨一阵一阵 ，雨染  落地窗外远方 青山，空气 闻起来很干净，连雨 知春去，一晴方觉夏深，浓浓 夏天，阵雨一小时，马上又开始 夏天 节奏，今 夏至，明 端午佳节，蝉鸣虫叫，燥热难耐，刚下雨 地面， 阳光 照射下，马上干 ，突然想吃一份冰淇淋，喝 冰块 可乐，想作诗，想']"
65,64,19,64_坐久_出门_lfing_树中间,"['坐久', '出门', 'lfing', '树中间', '自证', '玩一场', '话可以呼吸新鲜空气', '格外珍惜散步马路上', '走出家门', '走进神农山放松心情']","['天很蓝，空气很好  憋 喘 上气! 好像一直 自证，越 自信越这样!自信  一生 课题吧', '好想出去遛狗 ，锻炼筋骨，坐 坐得 头昏脑胀，好想呼吸新鲜空气，晒太阳  Lfing rane  视频', '此刻，现 ，  多么想出门跑步，可 只能坐   ， 只 过想出门呼吸之口印象 空气，现 ，绿色 树中间 可   能，即便 小时后可以，但 确实  圈  牛马']"
66,65,18,65_抱拳_空调进行清洗_乌黑_感念师恩,"['抱拳', '空调进行清洗', '乌黑', '感念师恩', '绿萝', '季节', 'l知', '滕州', '歌手们相互飙歌', '正值春天']","['“桃李恋春风 寸草映春晖”——外国语小学庆祝第 个教师节活动金风吹过希望 田野，九  大地硕果芬芳，又  丹桂飘香 稻菽遍野 季节  这收获 季节， 们迎来 第三十四个教师节 外国语小学校园 飘散 朵朵鲜花 香气，空气中弥漫 感念师恩 气息     早晨，远远 能听见阵阵祝福', '临近重阳节 卫辉高级中学 领导精心筹备下，为离退休教职工组织 一次精彩 活动，大家参观 新教学楼 观看 高一 级 考表彰大会和挑战，学生们个个斗志昂扬 豪气十足，空气中充满 青春 味道，真好 茶话会气氛热烈，学校领导段校长 张书记 及 黄主任 分别发表 热情洋溢 讲话，尔后', '校园车走直线/山东一早，校门口 电子屏打出 “欢迎上级领导莅临指导工作” 一横幅标语 这 新校长上任迎来 第一次大型活动 为 迎接检查，已经精心准备 一周时间 现  让搞形式主义，打个字幕领导看见心 肯定高兴  让摆鲜花，那 种上鲜花 正值春天，校园 到处 鲜花开放 上午有两']"
67,66,18,66_最怕空气突然安静_误会_潘果鸡尾酒_安静,"['最怕空气突然安静', '误会', '潘果鸡尾酒', '安静', '爆炸级别', '最怕冷场', '憋笑声打破', '文书处理', '热烘烘', '手忙脚乱想挂断']","['一直以来，  用静默如灵堂来形容 所处  环境因为 们没有电话业务，大家表面  维持礼貌疏远，静静做自己 文书处理，没有人聊天  想，这 原本可以  社恐  天堂直到某天， 知为何， 区突然多出一块其他部门 人他们输出垃圾话 音量可  爆炸级别，如同灵堂被人砸场一般', '\ue627恋与深空黎深 ❄️ 视/奸前男友微信却误拨 视频通话，于 下一秒，黎深 脸出现 屏幕上 熟悉 声线穿过无线 电流，空气  耳边嗡嗡作响  如梦初醒，手忙脚乱想挂断，却听到他 等等 黎深问 “有什么事吗？”背景  ，他穿 那身白大褂，没喊  名字，眼神透', '刚刚还 兴致勃勃 跟客户聊天， 广播传来微弱 警报声，以为哪个 手机，没理继续聊 一分钟过后，喇叭突然上升 分贝 现  火警警报，请 工作人员安排下balabala.整个 表示 空气  颤抖，吓得 脑补 好多画面[发抖]  想好 等下把毯子打湿，从 楼滚下去 收拾东西  利索']"
68,67,17,67_戴口罩_多个社交平台登上热搜_生命时报实习记者_引发很多人,"['戴口罩', '多个社交平台登上热搜', '生命时报实习记者', '引发很多人', '李侗曾本文作者', '关注和讨论', '网友们纷纷留言', '嗓子干', '喉咙疼', '受访专家北京佑安医院感染综合科主任医师']","['霉菌滋生 季节， 招 让肺发霉 有位女士咳嗽 乏力，还发热 刚开始，她以为 普通 感冒，自己 家吃点退烧药 行，没想到扛 三天却仍然反复高热，赶紧到医院检查 医生从肺部CT上发现，这位女士 肺部长出  个“小树芽”，怀疑 霉菌性肺炎 霉菌为何会长进肺 ？原来这位', '近 ，话题  多个社交平台登上热搜，引发很多人 关注和讨论 网友们纷纷留言 嗓子干 喉咙疼   咳嗽声 断 原来 止 这样.受访专家北京佑安医院感染综合科主任医师 李侗曾本文作者 | 生命时报实习记者 田新宇大部分“咽喉炎” 呼', '“集体咽喉炎”又上热搜，感染科专家揪出元凶近 ，话题 为什么会出现集体咽喉炎？ 多个社交平台登上热搜，引发很多人 关注和讨论 网友们纷纷留言 嗓子干 喉咙疼   咳嗽声 断 原来 止 这样.受访专家北京佑安医院感染综合科主任医师 李侗曾本文作者 | 生命时报实习记者']"
69,68,17,68_打空气拳很难受_打一套军体拳把空气打爆_真好用_能发疯,"['打空气拳很难受', '打一套军体拳把空气打爆', '真好用', '能发疯', '看アロルク', '赶紧出', '超激动', '跑出', '这场看得', '错失一张中轴票']","['上班摸鱼看 ，这场看得 超紧张，最后赢 超激动 赶紧出 对 空气狂殴 两拳，打 太激烈太爽 ，东哥  牛掰', '进来 呼吸 好大一会儿空气，zh 司博宿舍楼阳 ，他去测抗原   ，真  大无语 Btw，派出所 出名牌子 ⌨️真好用，已下单，坐等', '\ue627博君一肖 离肖哥最近 一次，真实 跑出 想 呼吸一下同一片天空 空气，刚出去 腿，算 ，玐怂 ，淦 太冷  等下班冲回家，乖乖坐 电脑前等直播 青岛·永旺梦乐城']"
70,69,17,69_广泛用于家庭_商店_用于清凉解暑和流通空气_称为风扇,"['广泛用于家庭', '商店', '用于清凉解暑和流通空气', '称为风扇', '医院和宾馆等场所', '扇风机', '来达到使空气加速流通', '家用电器', '一种利用电动机驱动扇叶旋转', '电风扇简称电扇']","['电风扇简称电扇， 称为风扇 扇风机， 一种利用电动机驱动扇叶旋转，来达到使空气加速流通 家用电器，主 用于清凉解暑和流通空气 广泛用于家庭 教室，  商店 医院和宾馆等场所 via.百度百科', '电风扇简称电扇， 称为风扇 扇风机， 一种利用电动机驱动扇叶旋转，来达到使空气加速流通 家用电器，主 用于清凉解暑和流通空气 广泛用于家庭 教室，  商店 医院和宾馆等场所 常见 家用电扇本质上属于轴流风机，即风 流向平行于扇叶 旋转轴', '电风扇简称电扇， 称为风扇 扇风机， 一种利用电动机驱动扇叶旋转，来达到使空气加速流通 家用电器，主 用于清凉解暑和流通空气 广泛用于家庭 教室，  商店 医院和宾馆等场所 常见 家用电扇本质上属于轴流风机，即风 流向平行于扇叶 旋转轴 机械风扇起源于  ， 叫詹姆斯·']"
71,70,17,70_担心二手烟_担心空气_有效净化一立方米_呼吸,"['担心二手烟', '担心空气', '有效净化一立方米', '呼吸', '商场再', '够直观', '们时刻', '公共场所再', '做任何事但', '像项链一样好看']","['上传  视频 ♥️来个二手烟 净化，够 够直观？ 们时刻  呼吸  可以 做任何事但  能 呼吸 ❤️TST空气净化器，像项链一样好看 有效净化一立方米 空气  再  担心二手烟 ，商场再  担心空气 好 ，公共场所再  用担心致病菌. O 链接', '上传  视频 ❤️来个二手烟 净化，够 够直观？. 们时刻  呼吸  可以 做任何事但  能 呼吸 ❤️TST空气净化器，像项链一样好看 有效净化一立方米 空气  再  担心二手烟 ，商场再  担心空气 好 ，公共场所再  用担心致病. O 链接', '❤️来个二手烟 净化，够 够直观？ 们时刻  呼吸  可以 做任何事但  能 呼吸 ❤️TST空气净化器，像项链一样好看 有效净化一立方米 空气  再  担心二手烟 ，商场再  担心空气 好 ，公共场所再  用担心致病菌多']"
72,71,17,71_第二爱_爱情_老张_永远,"['第二爱', '爱情', '老张', '永远', '潮普给笑', '机器听', '早几', '爱得很快', '爱他', '曾经看过这么一则故事']","['真有爱情 女人猜疑起来，比寻欢作乐，更换口味还 心思灵巧 一朝到 被遗弃 关头，她对于 姿势 意义，能够一猜 中，连马 春天 空气中嗅到刺激爱情 气息， 没有那么快 巴尔扎克传闻咱们门第居江口，家属祖上有一块林地 夜马坳，由于谁人场合山高林密，野兽出没，没有人承诺去等', '爱情 沸腾 ，婚姻却 温暖   爱 爱情，永远 会变坏， 永远 会带有温度 人生这么短暂， 把时间放 爱 人身上 曾经看过这么一则故事 一对生活 广州 情侣，厌倦 高强度  生活，买 面包车改装成房车，决定穿越中国，边旅行边工作 经过三个  改装，他们踏上 为期 个', '第二爱  （剧本） 许每个人心中 有最爱，像宝贝一样， 有退而求其次 第二爱，当  出 第二爱 ， 应该感动呢，还 遗憾呢？遇见郁吴，  小心 ，他应该 校草吧 真 非常帅 有一天陈小怡给他塞 一封信，没写什么，打开信大约 ni e to meet you什么  他礼貌地回信，大']"
73,72,17,72_van_rysel_万元_理想l,"['van', 'rysel', '万元', '理想l', '挑战者', '尊贵型', '旗舰型', '概念', '未来', '运动']","['能骑 走 行李箱本田恢复 行李箱变成摩托车 概念，打算 汽车 行李箱中运输，然后打开行李箱，以确保前往  Moto ompa to将 变成本田摩托车 行李箱 名称，旨 确保 最后几公 内到达市中心 目 地 所有这些 以更低 成本，没有交通或停车问题 目标 将这个多功能手提箱放 汽车后', '，定位“未来科技运动SUV” 长安第二代UNI-T迎来正式上市 新车共推出五款车型，分别为卓越型 尊贵型 旗舰型 运动 尊贵型 运动 旗舰型，售价区间为 . 万元— . 万元 传承UNI序列科技基因，重塑同级SUV价值新标准，第二代UNI-T以超强智慧 出众型格 极致驾趣 周全安全 焕新形象实', '迪卡侬最高端公路车，竟然如此诚实  Van Rysel RCR测评   一台性价比极高 车，Van Rysel RCR 之前 们介绍过 Van Rysel 迪卡侬旗下 公路车品牌，而这台RCR    拿到 ，上海 有些车友 看到 骑 ，看到 人竟然 识别出 这 Van Rysel 新款，纷纷问 多少钱']"
74,73,17,73_黑暗中看手机_正常情况每分钟眨眼约_分泌和分布_常预防眼睛干涩该怎样做,"['黑暗中看手机', '正常情况每分钟眨眼约', '分泌和分布', '常预防眼睛干涩该怎样做', '有意识', '导致泪水分泌量减少', '眨眼次数少', '失去对眼球', '泪膜会快速蒸发', '保护力']","['聊聊 常预防眼睛干涩该怎样做？⚪️多眨眼睛眨眼有助于泪水 分泌和分布，眨眼次数少 ，导致泪水分泌量减少，暴露 空气中 泪膜会快速蒸发，失去对眼球 保护力 正常情况每分钟眨眼约 次 ⚪️科学用眼别忽略合理安排看手机时间；  黑暗中看手机；与电脑距离保持  厘米以上，使视线能保', '聊聊 常预防眼睛干涩该怎样做？  多眨眼睛  停眨眼有助于泪水 分泌和分布，眨眼次数少 ，导致泪水分泌量减少，暴露 空气中 泪膜会快速蒸发，失去对眼球 保护力 正常情况每分钟眨眼约 次   科学用眼别忽略合理安排看手机时间；  黑暗中看手机；与电脑距离', '聊聊 常预防眼睛干涩该怎样做？ .多眨眼睛  停眨眼有助于泪水 分泌和分布，眨眼次数少 ，导致泪水分泌量减少，暴露 空气中 泪膜会快速蒸发，失去对眼球 保护力 正常情况每分钟眨眼约 次  .科学用眼别忽略合理安排看手机时间；  黑暗中看手机；与电脑距离保持  厘米以上，使视线能']"
75,74,17,74_爽肤水_眼霜_防晒_乳液,"['爽肤水', '眼霜', '防晒', '乳液', '喷雾', '抗氧化', '护肤品', '上妆晚', '保湿做到位', '夜间修护']","['常生活中 有哪些能让皮肤变好 小习惯？一 护肤品 使用  原则  间防护，夜间修护 早 爽肤水（喷雾）+眼霜+抗氧化+乳液（霜）+防晒+上妆晚 爽肤水（喷雾）+眼霜+美白/修护+乳液（霜）（夏天可以 用乳液或霜，只 保湿做到位 可以 ）防护大于修护，  想 晒出斑  晒黑  有皱', '常生活中 有哪些能让皮肤变好 小习惯?一 护肤品 使用  原则  间防护，夜间修护 早 爽肤水（喷雾）+眼霜+抗氧化+乳液（霜）+防晒+上妆晚 爽肤水（喷雾）+眼霜+美白/修护+乳液（霜）（夏天可以 用乳液或霜，只 保湿做到位 可以 ）防护大于修护，  想 晒出斑  晒黑  有皱纹', '💐 常生活中 有哪些能让皮肤变好 小习惯?一 护肤品 使用  原则  间防护，夜间修护 早 爽肤水（喷雾）+眼霜+抗氧化+乳液（霜）+防晒+上妆晚 爽肤水（喷雾）+眼霜+美白/修护+乳液（霜）（夏天可以 用乳液或霜，只 保湿做到位 可以 ）防护大于修护，  想 晒出斑']"
76,75,16,75_新一代_内种植一些净化空气_挥发性有机化合物_细菌,"['新一代', '内种植一些净化空气', '挥发性有机化合物', '细菌', 'msn等即时通讯工具', '如吊兰', 'natede', '能够消除', '可以将各种令人讨厌', '多用电子邮件']","['有哪些 减碳窍门  .多用电子邮件 MSN等即时通讯工具，少用打印机和传真机  . 内种植一些净化空气 植物，如吊兰 非洲菊等主  可吸收甲醛， 能分解复印机 打印机排放出 苯，并能咽下尼古丁  .收到商家发来 广告宣传品，可以收集起来集中处理 进行资源回收', 'NATEDE  自然与科技碰撞所形成 新一代 宠儿，它既 花盆，  空气净化器 千万  小瞧 它，NATEDE拥有最先进 传感器，并利用新型光催化过滤器，能够消除 % 挥发性有机化合物， % 细菌，病毒，细微颗粒和气味，轻松 可以将各种令人讨厌 空气污染物转换成无害物质 NATE', 'NATEDE  自然与科技碰撞所形成 新一代 宠儿，它既 花盆，  空气净化器 千万  小瞧 它，NATEDE拥有最先进 传感器，并利用新型光催化过滤器，能够消除 % 挥发性有机化合物， % 细菌，病毒，细微颗粒和气味，轻松 可以将各种令人讨厌 空气污染物转换成无害物质 NATEDE内部 光催']"
77,76,15,76_生癌_得癌症_一辈子_最后三,"['生癌', '得癌症', '一辈子', '最后三', '越研究越觉得生死联系太紧密', '学医', '医生能做', '很有限', '绝症', '生死本来']","['（转载） 怕压力 生癌  真正 绝症，医生能做 很有限 学医 最后三 ，  基因和组织学层面研究卵巢癌，越研究越觉得生死联系太紧密，甚至可以 ，挖到根儿上，生死本来 一件事儿 而且多数病 治疗 好 ，  靠自身免疫能力自己好  （西医基本 帮倒忙）眼看 跟踪三  卵巢癌病人，', '冯唐 字箴言    脸  害怕   急 怕压力 生癌  真正 绝症，医生能做 很有限 学医 最后三 ，  基因和组织学层面研究卵巢癌，越研究越觉得生死联系太紧密，甚至可以 ，挖到根儿上，生死本来 一件事儿 而且多数病 治疗 好 ，  靠自身免疫能力自己好  （西医基本 帮倒忙）', '急， 害怕，  脸 转 怕压力 生癌  真正 绝症，医生能做 很有限 学医 最后三 ，  基因和组织学层面研究卵巢癌，越研究越觉得生死联系太紧密，甚至可以 ，挖到根儿上，生死本来 一件事儿 而且多数病 治疗 好 ，  靠自身免疫能力自己好  （西医基本 帮倒忙）眼']"
78,77,15,77_分钟_合理_浑浊_blg,"['分钟', '合理', '浑浊', 'blg', '架势堂', '干员', '把人家按', '很漂', '慢慢喝', '旁边拉粑粑很符合']","['和领导一起 等老挝发过来 材料，磨洋工，她给  半个石榴， 拿回来一颗一颗地吃，感觉自己 只上 发条 小鸟 空荡荡  ，窗外传来操场 白噪音，静止 空气惨白又安静，安全地包裹   淡淡 酸涩从胃 涌上来又翻下去，好像下一秒哭 合理，笑 合理', '善法天子抱回来两只兔子 一黑一白，又瘦又小，挤 窄小生锈 蓝色笼子 ，草叶干巴巴 ，喂饮水 浑浊  墨尘音伸手，逗 两下 黑色那只很明显 阴沉些， 仅挤 白色那只，嗅 两下墨尘音 手指，还打算张嘴咬 好 墨尘音眼疾手快收回手，黑兔子结结实实地咬空 ，声音响亮 墨尘音嗯 一下，若', 'storm一直用 那种直男式简约包装，效果无功无过 洗护产品（包含护发素，  三合一 ），但发量依旧堪忧 去工程部测试新武器时，松果和熔泉刚好坐 一旁校准瞄具，他盯 移动靶拉开弓弦，听到那位总 语速很慢，像漂浮 云一样 干员，没有征兆地忽然发出直白赞赏 “熔泉小姐 发质  很好，很漂']"
79,78,14,78_后勤_电梯_装修_s巡视,"['后勤', '电梯', '装修', 's巡视', '搬进去', '座位后面那个空气净化机老当', '拿回家', '希望能安稳度过秋冬季节', '已安装完毕', '工作时间一天到晚开']","['取消各种 检刻 容缓 最近一则理发店空气质量 检过期 新闻，上 热搜 广大网友一致认为这个太荒唐，这种 检，除 官僚主义和形式主义，搞 民 聊生之外，没有任何意义 查 一下，国家卫健委还正出台有这个空气质量 检规定，见附图二 那么，  问问，制定这个规定有科学依据吗？有适用', '新园区甲醛超标，后勤 狗腿儿买 几台空气净化器放小 ，没想到 们主管 坐外面 工位， 根本没人用  知道哪一层喷漆，全 味儿，其中 小领导 群 问后勤 “为什么有人 地方没有空气净化器，有空气净化器 地方没人？”后勤 “x位置有谁丢 一台红米手机？”', '单位搬新址 ，一半人搬进去 ，但 很多地方 还 装修，走廊 ，  到处弥漫 一股装修味 室友给 寄 两个空气净化器， 自己装上 滤芯，工作时间一天到晚开  用 以后， 们 和其他 气味明显差别很大 然而同事a嫌它太吵，趁   时关 它  打开后，她还借 机会表达净化']"
80,79,14,79_一上午一直开_攒钱买空气净化器_空气净化器声音太大_这个前天到手,"['一上午一直开', '攒钱买空气净化器', '空气净化器声音太大', '这个前天到手', '这俩件事足够让', '这几天空气质量太差啦', '那怕热', '针织衣还双手冷冰冰', '雾霾该', '面墙上']","['最近被戴森zone疯狂种草，两周内第二次感冒，怀疑 们 楼 出风口设置 合理， 们 正对下面十几楼 出风口， 攒钱买空气净化器 （开始怀疑长新冠并   设想而 现实', '朋友们  们还好吗看到这个雾霾指数 震惊 家 新风开起来 另外   空气净化器   们 放   效果真  错 平时 很 喜欢呆 因为空气 脏脏 （门口 修地下通道 很脏 ）这个前天到手 用起来太棒 真 肉眼可见 感觉空气清新', '当  领导坐 空调底下，当 坐 空调正对面时；当 穿 针织衣还双手冷冰冰 时候，   那怕热 领导把空调开到最低 时候 当 旁边 空气净化器突然加大威力 时候，   烟雾弥漫 时候 嗯，这俩件事足够让  想上班']"
81,80,14,80_差点中暑_能用_而且_期待它发挥双重健脾,"['差点中暑', '能用', '而且', '期待它发挥双重健脾', '颇有局限性', '戒掉', '明天饭前去晒', '煮祛湿茶', '然后由于干燥', '昨天一早学习积分']","['早晨空气有一点沁凉，让人怀疑时光倒退回初春去 ， 晓得 什么缘故，白天 温度明明显示有 ℃左右，但体感觉 出温热，早晚温差大 每天按部 班地做事，头脑又紧张又混浊， 颇有局限性   一闷一上午 中午下班时，早已经饥肠辘辘，还好离家近， 食堂打个包，吃完饭发会呆，便能好好地午休', '到 贵阳有一周 ，每次出门  得带 伞 连续几天  淅沥沥 雨季，沉闷闷 空气 南方 湿冷让 戒掉 回宿舍午睡 习惯，每天把 咋制热 空调开到 ℃ 强劲风，然后由于干燥 停 往肚子 灌水，然后再一趟趟 冷雨中跑去厕所 一直生活 阴雨 认真 会很容易陷入到很低落 情绪 因为雨声显', '差点中暑 一天 周一刚上班，坏消息单位附近电缆维修，单位停电 ，好消息 跟 隔壁单位沾光，插座电源能用，所以能烧热水，能吹风扇，能开电脑，但 坏消息 空调 能用，网络 能用 又 百搭 一天 本来 刚下过雨，空气潮湿，外加  大透风，差点中暑 期待明天能恢复正常，果然空调才']"
82,81,13,81_销量_甲醛_除甲醛_ta接触,"['销量', '甲醛', '除甲醛', 'ta接触', '甲醛事件', '新冠防疫很常用', '马上联系', '期间用', '来卖命', '文具']","['次氯酸消毒  经验🚿超全总结怎么选➕如何用    前开始用次氯酸 ，它 易燃 比 温和，新冠防疫很常用，➡但它 有缺点和注意事项，请大家一定 看完这篇 阿签 用一周整理 本+国内行政机构 文件总结  -🔵次氯酸选哪个牌子 ？ 三 前只能', '甲醛事件 进展 甲醛 事情领导 这样处理  早上拿到超标结果，马上联系 一家除醛公司来，安排这周六除甲醛  们周四周五 需 打卡，周六周  用上班（放国庆节原本需 上班）   国庆节后安排体检，每个 配空气净化器 但还 没告诉 们究竟甲醛超标多少， 们 求开职工大会通报 领', '两个人两台机器测  分钟 出结果 ，甲醛超标一点点，对方 看 需 需 除甲醛？如果需  话  块钱 平方，除甲醛 整个过程大概 两个小时  们这个小小  大概  块左右，感觉这个行业利润好高呀，主 还 现金现货 看一下美T上 销量，好吓人，  几十万 销量，低价引流，出']"
83,82,13,82_如通过款式和色彩让_为严肃刻板_衣商_装扮渗透温柔,"['如通过款式和色彩让', '为严肃刻板', '衣商', '装扮渗透温柔', '装注入新鲜空气', '力量', '敢轻易尝试轻熟风格', '如何提升职场', '门翻新活儿', '简单却气质']","['韩 修身包臀泡泡袖显瘦通勤长袖连衣裙，只 看到这款心情还  能平伏~绝对触动心弦 ~太好看 ~哈哈 上身后各种美~气质  得 哦~重点   如何提升职场""衣商""，为严肃刻板  装注入新鲜空气？ 如通过款式和色彩让 装扮渗透温柔 力量', '十种花形，多姿多彩，总有 喜欢 哦 提升职场""衣商""，为严肃刻板  装注入新鲜空气？  如通过款式和色彩让 装扮渗透温柔 力量  遥记得某位时尚大师曾这么云过 时尚 门翻新活儿  简单却气质— 让 敢轻易尝试轻熟风格 人大胆穿起来 O 链接', '身后各种美~气质  得 哦~重点   如何提升职场""衣商""，为严肃刻板  装注入新鲜空气？ 如通过款式和色彩让 装扮渗透温柔 力量 遥记得某位时尚大师曾这么云过 时尚 门翻新活儿 简单却气质~ 让 敢轻易尝试轻熟风格 人大胆穿起来 O 链接']"
84,83,13,83_那时候_面挖_被爷爷逮到_挨打屁股,"['那时候', '面挖', '被爷爷逮到', '挨打屁股', '一大口吃下去', '贪玩', '隔壁家', '世界上最甜', '糖罐子', '偷偷从家']","['一生 最低点 怎样 经历？文/转那时候  岁，知道 世界上最甜 东西  厨房 下午，偷偷从家  糖罐子 面挖 一大口吃下去，被爷爷逮到， 知道 挨打屁股  那时候  岁，正 贪玩  纪，放学踢足球一下撞碎 隔壁家 玻璃， 爸带  去道歉，回家 路上， 知道这几天 子 好过', '一生 最低点 怎样 经历？那时候  岁，知道 世界上最甜 东西  厨房 下午，偷偷从家  糖罐子 面挖 一大口吃下去，被爷爷逮到， 知道 挨打屁股  那时候  岁，正 贪玩  纪，放学踢足球一下撞碎 隔壁家 玻璃， 爸带  去道歉，回家 路上， 知道这几天 子 好过  那', '一生 最低点 怎样 经历？那时候  岁，知道 世界上最甜 东西  厨房 下午，偷偷从家  糖罐子 面挖 一大口吃下去，被爷爷逮到， 知道 挨打屁股  那时候  岁，正 贪玩  纪，放学踢足球一下撞碎 隔壁家 玻璃， 爸带  去道歉，回家 路上， 知道这几天 子 好过  那时候']"
85,84,13,84_相信自己身体_一觉_分钟_md该死,"['相信自己身体', '一觉', '分钟', 'md该死', '恢复精神', '好几个早起晨跑', '好外太多', '觉得好吸收点', '度依然闷热', '找个空气畅通']","['现 只 每天能睡个好觉， 感觉无比幸福和满足 睡好 之后 好外太多 ，眼睛 感觉能睁开一点，上脸皮 肿，下面没有眼袋，脸色  会黯沉，涂护肤品， 觉得好吸收点 最主   ，精力特别 充沛，做什么 觉得充满 力量感， 需 咖啡 可以续命 睡得好 早晨， 会感受一切美好 东西，', '. . 相信自己身体 复原能力这几天空气震荡，前天晚上极度兴奋，无法入睡，折腾到半夜 昨儿晚上稍微好一点，但睡眠还 没有补回来  早晨一到 ，又困又乏，眼睛睁 开 午餐过后饱饱 睡 一觉 相信自己身体 复原能力，它会自 调节  呵护自己身体 基础上，  有一颗松', '早上与周公争夺自 意识 战役中，周旋 回合，以微弱 优势胜出，太难  下午经过  接近一整天 沉闷环境加午休没休息好，头昏眼花，大脑宕机 下班走出 ，迎面 冷空气一下让 恢复精神，像给发热 电脑主机加个“超强”散热器，越走越清爽，终于把思考力找回来 早上出门看见狗子，']"
86,85,13,85_们到_一大早充满_特别干净天热_宝藏同事,"['们到', '一大早充满', '特别干净天热', '宝藏同事', '家电上按键', '已经暖意融融更重', '希望大姐早', '心情好舒畅', '把空气炸锅搬去', '那几个同事请假']","['把空气炸锅搬去   那天 给同事示范用法 时候 同事拍 照片 看到照片 才意识到  习惯 家电上按键 手指 很 礼貌', '来 ，救命 空气净化器  话 这  会上同事中 送  ， 离职之后 送给别人 ，现 因为 空气 好，于  又厚 脸皮 回来   她  啥时候有时间过来拿， 等 及直接叫 个闪送派过来  现 整个人 觉得空气好清新，心情好舒畅', '前段时间换 新  ，真 越来越觉得遇到 宝藏同事 这个同事工作认真，每天 早早到 经常把 打扫 特别干净天热 时候，早早开窗通风，等 们到 时候，  空气已经很清爽 天冷 时候，早早打开空调调到合适 温度，等 们到 时候，  已经暖意融融更重   ，']"
87,86,13,86_天天打_麻辣烫_一只_整袋卖共,"['天天打', '麻辣烫', '一只', '整袋卖共', '小珍出来', '工位新添打印机所以开始疯狂', '小零食上班路上', '所以她应该知道', '淘宝买各种东西食材', '把情绪价值拉满']","['友情. 即将中午 接友 电话 邀一起吃饭 而且吃 知网红还 怎样蹿红 叫幸福还 爱情还 什么 麻辣烫  们俩有开她 豪车穿大半城过窄小之巷与人挤一张桌还 与另外人背对背得吃冷串串 经历 所以 奇怪排长队 绝大多数二十几岁 SOHO  出来 拥挤小白领中吃一碗看似菜很新鲜 麻辣烫', '妈  最重  饭友，  最基本  她喜欢带 出去吃饭 市面新开 什么店，纸上烧烤 地摊火锅 海鲜自助，她 比 先知道 然后她 会  陪她去吃 事实上  很想吃，但她总表现出只有她想吃 样子 去新开业 店吃饭，  们 小小冒险，其意味颇似网上  “探店” 两个人 饭店坐下，会', '希望 老  这样  真 好爱吃点猪食TT  们幸福 好  工位新添打印机所以开始疯狂 打印 除 很咸，没什么毛病，太好痴  天天打 天天打 天天打 最神 一集，拍 好多次，每次 只有 跳起来   靠 那 等小珍，感觉自己特别帅，小珍出来 让她给 拍张照']"
88,87,12,87_一大锅番茄肉酱意面慢慢_怒点一杯冰冰超大杯柠檬茶_酒坐到飘窗上听雨声_还减肥呢,"['一大锅番茄肉酱意面慢慢', '怒点一杯冰冰超大杯柠檬茶', '酒坐到飘窗上听雨声', '还减肥呢', '这么新鲜', '还好雨', '突然冒出', '很久终于压', '空气简直神清气爽浑身写', '快吃完']","['突然想喝点甜 ，中午 点 杯奶茶，虽然 七分糖但 还 觉得太甜  然后刚刚突然 头晕眼花还恶心得想吐，跑 外面消防通道吹 会儿风才缓过来 这到底 低血糖犯 还 单纯因为 闷热空气 好 原因 ？难受(;_;)', '空气太 流通 ，出门买 个芋泥吐司（最近 芋头脑袋）结果买完出来下雨 哈（难得 出来一趟）还好雨 大一路有大树为 挡雨，现 快下班   一整个吐司 快吃完 ，挺无语 还减肥呢', '下午坐   太流通 空气  时候，突然冒出 想喝酒 念头，于 下班后 罗森买 雪碧和朗姆和葡萄冰，回家  一大锅番茄肉酱意面慢慢 受这杯甜甜 成人饮料 然后暴雨酝酿 很久终于压 下来， 一直觉得雨声很治愈，所以匆忙洗 碗端 酒坐到飘窗上听雨声 真好 ， 特意没开灯，想烘托']"
89,88,12,88_打哈七_单位_鼻炎好_有多脏,"['打哈七', '单位', '鼻炎好', '有多脏', '破实验室', '有毒还', '每天吸入致死率化学药品', '每天戴', '清多少次', '氮气']","['真 无语   搞装修  买个空气净化器么？  上 油漆臭死    感觉自己 中毒  偏偏 忘记戴口罩来  长记性   以后一定每天戴口罩上个班 心灵受到折磨   身体  受到伤害', '每天戴 防毒口罩上班 大概 只有 们公司 吧，刚刚装修好  来 ， 雾蒙蒙还伴 各种奇怪 刺激性 味道，才进公司十分钟眼睛酸呼吸困难，最恶心  领导 一点异味 没有，还有两台空气净化器， 想 ，能 能投诉， 还 轻， 想被毒死', '单位 空气与  和 怀疑 空调导致 ，太脏然后  鼻子又比较敏感 但 同事又跟  单位 空调每  有人 清理最干净 过 上班第一天  打 周末两天还多 喷嚏，鼻涕一边流完另一边又开始流，原先还以为 鼻炎好 呢   女生，时 时 俩男人面前打喷嚏流鼻涕擦鼻子    同事知道']"
90,89,12,89_么用_放音乐_adia_没太好,"['么用', '放音乐', 'adia', '没太好', '广播响', '整队', '混杂校园', '浑身上下每个细胞', '昨天下午四点多', '更神奇']","['周 去看 声音玩具，前半个小时完全没进入状态，一直游离 现场之外 后面无论 乐队本身还 作为观众   渐入佳境，找到 以前看演出时 沉浸感 可能 天冷  缘故，最近整个人 变得很散漫，浑身上下每个细胞  叫嚣 想上班 想去学校 昨天下午四点多 溜回 家， 厨房捣鼓新买 空气炸锅', '听歌突然想起这个小众 突然想起几 前，一位双鱼男 大领导  ty分 会活动上  这首歌，还各种讲述自己 想法，空气凝固  当时小内心真  替他紧张，回去 还委婉提醒 他一下，现 想起   真多余，什么道理他 比 懂多 会多 ，根本用   这个小 来提醒 双鱼男这种模糊浪漫', '小时候同学们叫 “MP ”，大人们 总 “心心唱个歌来听”，好像 作为 人却有播放音乐 功能 慢慢长大   么用“冷兵器”放音乐， 么用“肉兵器”“放音乐”，这音乐有时大家 听得见，有时只有 自己听得见 而现  坐 工位，机械 忙 ，突然老师 电话铃声响 ， 顿时觉得 哇——']"
91,90,12,90_温度_度左右_湿度保持_空调温度,"['温度', '度左右', '湿度保持', '空调温度', '超过', '温差最好', '晚上建议室内空调', '广东人民表示还', '应该低于', '拉稀感冒头痛头晕心悸等各种空调病']","['夏天能开空调吗？怎么使用能减少空调病？炎炎夏 ，暑热难当，很多人一天到晚待 空调房 避暑，呼吸 冷气，吃 西瓜，调侃命 空调给 ， 西瓜给  室内冷飕飕，室外热辣辣，很多人 这样两个极端 环境进进出出，拉稀感冒头痛头晕心悸等各种空调病 层出 穷  夏天阳气外浮，天人地一气，原', '如何预防空调病 发生 .保持适合 温度  贪凉，室内 温度  和室外偏差太大， 根据自己 承受能力调节温度，一般建议保持  度左右，以防温度过低导致身体受凉，引起感冒，所以保持合适 温度，可以预防感冒  .保持空气流动一般开空调 会紧闭门窗，', '如何避免空调病  空调 温度 注意 白天室内空调 温度建议和室外 温差  超过 度，室外 度时建议温度最   度左右，而如果 晚上建议室内空调 温度和室外 温度 温差最好  超过 度   开空调时注意室内 湿度保持 白天 家和 时建议室内 湿度保持  - % 如果 晚上睡觉时，因']"
92,91,12,91_开窗户_空间_时候只开一扇窗户_时候时,"['开窗户', '空间', '时候只开一扇窗户', '时候时', '渗入', '空调调至', '滂臭', '灯光再亮', '窗外系列之', '玻璃还']","['与刘同事磨合好 ，     时候他自由，   时候只开一扇窗户  两扇窗户形成南北对流，南面还有一扇门 早上九点到 两窗一门全敞开，换掉滞留一夜 空气 空调打开， 度，渐渐 ，气温升高，大约十点前 关到只剩一扇窗户，空调调至 — 度 下午  另一处 ，大概十六', '走出门 透透气 即使  冬天， 早上到  第一件事仍然 开窗，让空气流通起来 同事 起之前  地方没有窗户，听   没法呆 这样 空间 ，哪怕空间再大  灯光再亮   设备再高级  没法置身其中 窗户 空间 心灵， 仅让空气流动起来，更能给视野带去想想 空间', '们新家书房窗户外面有 多出来 部分， 知道 玻璃还 能够承重 小阳台 江总执意 把窗户换成推拉门， 他平时 喜欢“工作累  推开门出去透透气” 为 表明他真 有这个喜好，最近江总 阳台  时候时 时  从窗户探出去身去看一下漆黑 小区']"
93,92,12,92_感冒_有人_咳嗽_挺难受,"['感冒', '有人', '咳嗽', '挺难受', '知道为何', '最近感冒泛滥', '比如颈椎病', '仅能对付早期', '用于感冒初期', '人逐渐多']","['最近感冒咳嗽 特别多，介绍几个中成药吧葛根汤颗粒 来源于中医著名 方剂葛根汤，用于感冒初期，风寒感冒 咳嗽 怕冷 浑身疼等问题 这个方子  本非常盛行，而且疗效肯定  仅能对付早期 感冒，还能对付很多种疾病，比如颈椎病 肩周炎 落枕 腰肌劳损 面瘫等病，还能改善心脑血管循环，应', '最近感冒泛滥，这几个中成药建议您试试 原创 圆力 最近， 知道为何，感冒 人逐渐多 起来 有人 这  普通感冒， 有人 这 流感，还有人 这 新冠 虽然对这波感冒 起因各有看法，但却有 共识，那  这次感冒 真 挺难受   光 流鼻涕 鼻塞，像 发烧 咳嗽 周身疼痛等症状', '最近感冒泛滥，这几个中成药建议您试试 最近， 知道为何，感冒 人逐渐多 起来 有人 这  普通感冒， 有人 这 流感，还有人 这 新冠 虽然对这波感冒 起因各有看法，但却有 共识，那  这次感冒 真 挺难受   光 流鼻涕 鼻塞，像 发烧 咳嗽 周身疼痛等症状']"
94,93,12,93_小卜_可吓人_一只蹄铁_蝴蝶效应,"['小卜', '可吓人', '一只蹄铁', '蝴蝶效应', '聪明', '玻璃', '打开', '电脑转', '没开空调期望它能看到或者感受到空气', '或被缠进残旧']","['很多 没跟昆虫类 小动物打交道，比如螳螂，蚂蚱，蛐蛐，蝈蝈，等等 小时候它们 乐趣～   突然飞进来 螳螂， 场 男生先看到，他们 反应 急匆匆 蹦 跳 到 离螳螂 安全距离，嘴 还 惊慌失措 喊叫，很 害怕  第一反应知道 螳螂瞬间很开心，因为很久没见 ，第二反应  ，', '苍蝇长 可吓人 雨过天晴，格外清爽， 门窗  打开 ，大口大口 呼吸 凉爽 空气 突然一只苍蝇飞 进来，绕 小卜 电脑转 一圈，像个轰炸机 小卜 有马蜂 凤姐 打死他 小卜   马蜂 苍蝇，长 可吓人', '这班上 真 跌宕起伏 前情提   有轻微禽类恐惧症 单位 市郊，生态很好 再好  能午睡醒来宿舍楼道 一只中等大小 鸟掠过 头顶吧 那个鸟像大号鸽子（斑鸠？），看起来很 聪明，绕 一圈撞 走廊末端窗上  本 鸟道主义精神 打开 两边 推窗 它真 很 聪明，一直往头顶固定 玻璃']"
95,94,12,94_春天_城市_太阳_春雨过后更加娇艳欲滴,"['春天', '城市', '太阳', '春雨过后更加娇艳欲滴', '灰白色', '时间变化呢', '每当这个时候', '放空中', '看到看到这样多', '江畔捡到']","['检察微文 | 韶华易逝 莫负时光   楼，凭窗远眺，院中各种花草树木郁郁葱葱，生机勃发， 微风中轻轻摇曳，十分惬意 虽已入夏，天气还 算炎热，春天 气息尚未完全消逝，一切 依旧那么美好 每当这个时候  会记起高三时 那个春天 时间和现 一样，正值暮春  坐 靠窗 位置上，正', '写点什么      星期三昨晚又 半夜回家，很意外，第一次 这个城市 看到看到这样多 星星，空气中有久违 清新感，像 臭氧 味道，凛冬 寒风中居然有 春天 味道，让人感觉到 自然 力量，星辰，大地，草木，河流  一瞬间复活   感官  可能春天真  来    感觉一整', '最喜欢南大科院 夕阳  太阳慢慢地钻进薄薄 云层 变成  红红 圆球 西边天际出现 比胖娃娃 脸蛋还 红还 娇嫩 粉红色 太阳 周围最红 红得那样迷人 红色向四下蔓延  蔓延 半个天空 一层比一层逐渐淡下去 直到变成 灰白色 天空中飘浮 柔和  透明  清亮  潮乎乎']"
96,95,12,95_巡山_这样好_出去玩_心情,"['巡山', '这样好', '出去玩', '心情', '太舒服', '运动', '心情急转直下', '毕业那会', '毕业放放风', '很满足啦']","['周末愉快 最近爱上 骑车回家，半小时到家，比挤地铁好多 ，既能呼吸新鲜空气，还能锻炼身体  周周更新两次 花花/ 常 蓝天 突然觉得海底捞  心中 火锅排名提高 ，味道可以，水果品质好，服务好，麻酱好吃，番茄牛肉粒汤好喝 封神，看之前没报啥希望，看', '天气很舒服，走 路上感受风 呼吸新鲜空气，心情 格外美丽，这样好 天气 这样好 心情， 想 去游乐园嗨玩一天，但  却走 上班 路上  想 遇到好 天气同时心情 很美丽 很 容易 ，应该当即力断请假出去玩， 负好时光，但 打工人终究还 坐   ，打字 时候心情开始慢慢dow', '出去玩 下班 想工作 出去玩  工作地附近走走 大假期 再远点  能总 宿舍   超市  运动  散散步 育人导师 照片  正愁 还好同事找 出去走走 拍 一张 外面 空气好  放放风 毕业那会  外面草坪闲 坐坐  用学习  拍拍照看看别人拍拍照 摆摆pose 还 人家那才 毕业放放风']"
97,96,11,96_一到放晴_山上_阳光明媚更加值得美好_特别喜欢呆,"['一到放晴', '山上', '阳光明媚更加值得美好', '特别喜欢呆', '还有和', '觉得人生', '谁懂这种感觉', '该待', '空气叭', '家家有树户户有花']","['如果可以， 象牙山生活工作其实    错 选择 夏季 窗外山雾缭绕 空气清新 满眼绿色，家家有树户户有花，交通 很方便，世外桃源般 地方', '以后午休下来呼吸绿色 空气叭 然平时   车 ，    和酒店 空调 新鲜空气加点绿色（植物和土地）真 很好闻  家  时候 出门， 难得闻到新鲜 空气味小时候去爬山，山上 空气味道 最喜欢 ，后来 龄大 学业重（ 算借口） 很少爬山 成 后', '真 特别喜欢呆  们陵园 ，每天 算啥  干过去发呆 很好（当然每天其实事情 蛮多 ） 总觉得那   隔绝 红尘 地方，任凭外面再灯红酒绿车水马龙，这 依然清净自 ，好像永远 定格 时光 缝隙 ，谁懂这种感觉 ，真 太美好  空气  新鲜 ， 还有小鸟飞进 ，每天累 可以']"
98,97,11,97_付航脱口秀_酸甜苦辣_温暖_回忆,"['付航脱口秀', '酸甜苦辣', '温暖', '回忆', '下来', '本求', '汤汁弥漫', '直面困难', '睡个懒觉被工作电话喊醒', '一切安静下来']","['\ue627付航脱口秀   ，留下一幕幕温暖 回忆，那些细小 小事总能让 重拾力量  深夜加班  子 ，忙碌 身影徘徊   灯光下，终于等到休息 时刻，给自己煮一碗鸡汤面，仿佛整个世界 安静 下来 🥢🍜那一瞬间，浓郁 汤汁弥漫 空气中，仿佛把心底最暖', '\ue627付航脱口秀  付航脱口秀 酸甜苦辣 打工人生，一碗白象鸡汤面 温暖 繁忙  市中，付航作为一名脱口秀演员，用幽默诙谐 方式演绎 打工人 酸甜苦辣 深夜，当城市逐渐沉寂，他依然  内加班加点，为 心中 梦想和热爱 懈努力 忙碌之余，付航感到一丝', '\ue627付航脱口秀  回首  ，心中满 温暖 回忆✨ 那段忙碌  子，深夜当打工人，孤独感时常袭来 然而，总有一些小事情让 重新振作起来 记得某个深夜，   加班，饥肠辘辘  决定给自己煮一碗鸡汤面🍜 简单 步骤，却让 感受到生活 温暖  煮面 时']"
99,98,11,98_一把_giraffe_有一种活过来_建华,"['一把', 'giraffe', '有一种活过来', '建华', '想叫货拉拉从公司搬东西回家', '忘记喝', '怕小鸡', '整理头发', '瞅眼温度剪影', '真把公司当家啦']","['周一，现   ，刚写完 报告周六上午，带 宝贝去 Giraffe Manor，开车过去 个多小时，办理 入住后，   面玩起来 ，先去 儿童乐园滑滑梯，然后看 pea o k，白色 kangaroo，还 手上喂瓜子给parrot吃，宝贝   肯自己喂，怕😟酒店可以入住后， 去 房间，房间很漂亮，竹林', '/凌晨 点   被工作压垮 /最爱吃虾没有之一 /zara home买 新杯子和柠檬水 /雪菜肉丁纸皮烧麦 连吃两周  /牛排+意面 周末好搭档 /鸭舌 太太好吃  根本停 下来 /肯德基自 厨房   空气炸锅又 出山啦 /蒸烧麦水烧完锅糊  幸好拯救 回来 /换 新地垫今  好运连连', '建华 请假修车 没来仙林    没人抽烟  没开空调 还通 窗户 空气便清爽多  一天无大事 平静 下班时又拢 苑菜场 专门买 条鲢鱼尾巴 准备晚上哄小黄 尾巴小 只一斤出头 价仅 . 元 让大红子煮好 晚饭前端 下楼找小黄 很快 看见 它 唤它 却直']"
100,99,10,99_有蒙汗药_汗液_这时候皮肤_因为汗液留,"['有蒙汗药', '汗液', '这时候皮肤', '因为汗液留', '到底有没有蒙汗药', '空气泰特嘛', '发透', '人独', '因为发汗', '困得想死']","['怀疑  空气 有蒙汗药，一进来 瞬间  犯困', '倪海厦 徐文兵 夏天 应该多出汗，如果 藏  捂  掖 ，时间长  会落下病根倪海夏老师指出，夏天发汗一点 发透，因为发汗 时候，毛孔 打开 ，如果这时候人去 空调房，汗液 被封住 ，汗液出 来，这时候皮肤 会瘙痒，很多人以为 皮肤病，其实  ， 因为汗液留  皮肤 中间，汗液', '空气    有蒙汗药']"
101,100,10,100_老张_偶尔_大概_fine,"['老张', '偶尔', '大概', 'fine', '时候还可', '居家生活中', '属于那种油瓶倒', '探寻或寒暄', '希望对方', '希望只照顾生活其他时候']","['有时候觉得真   和 后 姐姐们聊天，她们 生活基本固化 ，思维  会太活跃，生活  孩子老公婆婆，没有新鲜空气没有惊喜，一潭死水，   同事一半多   后， 这个人话又多，想法又杂，经常聊天 觉得代沟太大，她们看 到别人，幸福 只意味 “老公挣得多，孩子成绩好”，没有自己', '老张，其实 龄却 大，只 比  其他 轻人大一点 老张和妻子肖芸芸因为相似 懒惰和一时 兴冲冲走到 一起，真应 那句古话   一家人 ， 进一家门 这几  居家生活中 基本上贯彻 他们 这种风格 老张，属于那种油瓶倒   扶 人，心情好 时候可能绕 走，心情 好 时候还可', '堂弟婚礼现场， 上台演讲 一番，婚庆主持人问 有没有女朋友，因为分 快一  ，   没有女朋友，直接导致 亲戚给 介绍女生认识，还有亲戚 亲戚其中  联系 一周 到，那边   决定定亲回到 跟他们商量 对策， 师弟冷 防来一句，觉得找 女博']"
102,101,10,101_当地时间_一架_斯大林格勒保卫战i_成功追回巨款,"['当地时间', '一架', '斯大林格勒保卫战i', '成功追回巨款', '惨烈', '惊天逆转', '摩擦', '意义重大', '战场上度过', '战场上']","['即将发射 火箭上却出现 大面积 凹陷 场 人马上停止操作，等待钱学森 指示，可钱学森看 一眼却 一切正常，这 由于内外压力差导致，如果继续加注燃料，他可以恢复，可总指挥怎么  敢答应继续操作，因为这 建国以来第一次导弹试射，意义重大  ，更 国家 一穷二白 情况下，投入 巨大', '，惨烈 斯大林格勒保卫战i on中，一名士兵 战场上 生存时间只有 天，军官  天 如果新兵 战场上度过  天， 能直接升为团长  斯大林格勒保卫战中，士兵和军官 生存时间 难以准确统计 ，因为 这场战斗中，双方 遭受 极大 损失，而“活过 天升团长”虽然有些戏言，但', '据法新社报道，当地时间  ，乌克兰空军表示， 首 基辅发生一系列爆炸后，乌方击落 一架 基辅上空失控 乌克兰无人机 据报道，当地时间  晚，基辅发生 一系列持续约 至 分钟 爆炸 报道称，此前，俄罗斯已于  和  之间对其进行 一波夜间袭击 “(  )晚上约 时，一架‘旗手’TB 无人']"
103,102,10,102_扮演空气_待发_干呕恶心_开始替代痛苦窒息,"['扮演空气', '待发', '干呕恶心', '开始替代痛苦窒息', '焦虑已成ptsd', '焦虑和繁忙', '清香这样安静', '没有一点温馨', '沉浸式', '水性笔或']","['真 破防  常  那个湖边散步，面无表情看 这个阴沉沉 天，喝完一杯咖啡深吸一口气，又上楼上班（ 环境空气更差）   矫情夸张，有时候真 有生理反应 ，比如什么 没干但 什么 干  ，丧失行动力，犯困，食欲 振，还有  情绪两极化， 么突然像打 鸡血， 么  突然非常d', '有件事很神奇   身体 能量一直很乱，心烦意乱，焦虑 安，而且因为公司 空气浑浊，二手烟太多， 咽炎犯 ，干呕恶心 下午一点这种焦躁 心情达到 顶峰， 自己调整  ，这时戴上耳机听大悲咒舒缓  变奏曲，沉浸式 看中医书， 知 觉出 一身薄汗，  那种燥热，  很温暖 热，', '难得没有液体 午班懒懒 凳子上坐 检查初步结束后放松下来 脑神经空气像 被洗衣粉洗过一样有洁净 清香这样安静 午后世界似乎只 小小 光柱 飘浮  灰尘 变得异常 真实 再下雨 天气 手机 攒 一堆没看 电视和十 待阅 书籍以及淘宝 待发 快递 让心情愉快[小仙女]  尾巴']"
